max_lifespan_h,min_lifespan_h,mean_lifespan_h,max_lifespan_z,min_lifespan_z,mean_lifespan_z,max_resources,min_resources,mean_resources,max_esc_xp,min_esc_xp,mean_esc_xp,max_win_xp,min_win_xp,mean_win_xp,max_love_xp,min_love_xp,mean_love_xp,max_war_xp,min_war_xp,mean_war_xp,max_theft,min_theft,mean_theft,max_zh_kd,min_zh_kd,mean_zh_kd,max_hh_kd,min_hh_kd,mean_hh_kd,max_hz_kd,min_hz_kd,mean_hz_kd,max_z_enc,min_z_enc,mean_z_enc,max_h_enc,min_h_enc,mean_h_enc,days_until_all_zombies,humans,zombies,full_dead
15,0,9.08695652173913,13,1,5.739130434782608,5.0,-0.46974753588438034,0.8083805415941321,0,0,0.0,0,0,0.0,36,0,11.956521739130435,0,0,0.0,0,0,0.0,0,0,0.0,0,0,0.0,2,0,0.43478260869565216,1,0,0.2608695652173913,21,0,6.478260869565218,15,0,23,0
16,2,8.56,10,1,3.28,4.177593231201172,-0.375,1.1426678466796876,0,0,0.0,0,0,0.0,38,0,11.48,0,0,0.0,0,0,0.0,0,0,0.0,0,0,0.0,2,0,0.48,1,0,0.4,20,0,6.24,17,0,25,0
13,1,6.266666666666667,10,1,4.033333333333333,9.5,-0.31689453125,2.726035308837891,0,0,0.0,0,0,0.0,33,0,11.5,0,0,0.0,0,0,0.0,0,0,0.0,0,0,0.0,2,0,0.5666666666666667,1,0,0.36666666666666664,17,0,6.3,14,0,30,0
13,0,6.107142857142857,9,1,3.8214285714285716,7.5,-0.125,3.117732456752232,0,0,0.0,0,0,0.0,13,0,5.285714285714286,0,0,0.0,0,0,0.0,0,0,0.0,0,0,0.0,2,0,0.5357142857142857,1,0,0.5714285714285714,7,0,3.0357142857142856,14,0,28,0
14,0,7.8,10,1,4.3,6.0,-0.3005498156417161,1.5012925922870637,0,0,0.0,0,0,0.0,31,0,8.8,0,0,0.0,0,0,0.0,0,0,0.0,0,0,0.0,2,0,0.4,1,0,0.35,16,0,4.85,15,0,20,0
9,0,2.88,9,1,4.12,9.0,-0.248779296875,3.76,0,0,0.0,0,0,0.0,13,0,3.42,0,0,0.0,0,0,0.0,0,0,0.0,0,0,0.0,3,0,0.4,1,0,0.5,8,0,2.18,10,0,50,0
15,4,9.407407407407407,9,1,4.518518518518518,3.45458984375,-0.25,0.7091566149608332,0,0,0.0,0,0,0.0,33,0,15.11111111111111,0,0,0.0,0,0,0.0,0,0,0.0,0,0,0.0,2,0,0.25925925925925924,1,0,0.48148148148148145,18,0,8.11111111111111,16,0,27,0
17,2,10.636363636363637,10,1,4.818181818181818,6.265625,-0.25,1.5606586873870005,0,0,0.0,0,0,0.0,21,2,11.0,0,0,0.0,0,0,0.0,0,0,0.0,0,0,0.0,4,0,0.6363636363636364,1,0,0.18181818181818182,12,1,6.363636363636363,18,0,11,0
13,0,6.914285714285715,9,1,4.514285714285714,6.5908203125,-0.44140625,1.6547502790178572,0,0,0.0,0,0,0.0,46,0,11.771428571428572,0,0,0.0,0,0,0.0,0,0,0.0,0,0,0.0,3,0,0.4857142857142857,1,0,0.5142857142857142,24,0,6.114285714285714,14,0,35,0
15,2,9.6,10,1,4.828571428571428,2.7205480225384235,-0.4954879436409101,0.5482404436383929,0,0,0.0,0,0,0.0,39,0,18.285714285714285,0,0,0.0,0,0,0.0,0,0,0.0,0,0,0.0,4,0,0.3142857142857143,1,0,0.4,24,0,9.742857142857142,16,0,35,0
11,0,6.478260869565218,11,1,5.434782608695652,10.0,-0.4093012073135469,2.095108695652174,0,0,0.0,0,0,0.0,28,0,10.195652173913043,0,0,0.0,0,0,0.0,0,0,0.0,0,0,0.0,3,0,0.2608695652173913,1,0,0.5434782608695652,19,0,5.630434782608695,12,0,46,0
10,0,3.98,10,1,4.28,7.875,-0.096923828125,3.25375,0,0,0.0,0,0,0.0,16,0,4.6,0,0,0.0,0,0,0.0,0,0,0.0,0,0,0.0,2,0,0.4,1,0,0.44,10,0,2.64,11,0,50,0
13,1,7.565217391304348,10,1,5.130434782608695,7.0,-0.44873046875,1.6279721467391304,0,0,0.0,0,0,0.0,21,0,9.217391304347826,0,0,0.0,0,0,0.0,0,0,0.0,0,0,0.0,2,0,0.391304347826087,1,0,0.34782608695652173,13,0,4.913043478260869,14,0,23,0
17,8,12.142857142857142,10,1,4.928571428571429,1.6652488736935158,-0.4413580975684719,0.2025816781180247,0,0,0.0,0,0,0.0,45,0,22.0,0,0,0.0,0,0,0.0,0,0,0.0,0,0,0.0,1,0,0.14285714285714285,1,0,0.5,23,0,11.142857142857142,18,0,14,0
13,2,6.78125,10,1,4.0,6.5,-0.448028564453125,1.5928802490234375,0,0,0.0,0,0,0.0,29,0,10.9375,0,0,0.0,0,0,0.0,0,0,0.0,0,0,0.0,2,0,0.3125,1,0,0.375,15,0,5.9375,14,0,32,0
17,0,9.75,10,1,4.125,5.0,-0.375,1.5302104949951172,0,0,0.0,0,0,0.0,23,0,7.625,0,0,0.0,0,0,0.0,0,0,0.0,0,0,0.0,3,0,0.625,1,0,0.125,12,0,4.25,18,0,8,0
11,0,4.6571428571428575,12,1,4.085714285714285,9.0,-0.4375,3.1446602957589285,0,0,0.0,0,0,0.0,32,0,6.371428571428571,0,0,0.0,0,0,0.0,0,0,0.0,0,0,0.0,2,0,0.42857142857142855,1,0,0.42857142857142855,19,0,3.4857142857142858,12,0,35,0
14,1,7.794117647058823,9,1,3.911764705882353,8.5,-0.4609375,1.0929012859568876,0,0,0.0,0,0,0.0,34,0,12.470588235294118,0,0,0.0,0,0,0.0,0,0,0.0,0,0,0.0,2,0,0.29411764705882354,1,0,0.4117647058823529,17,0,6.852941176470588,15,0,34,0
12,0,6.725,10,1,5.225,10.0,-0.4765625,2.26240234375,0,0,0.0,0,0,0.0,25,0,7.6,0,0,0.0,0,0,0.0,0,0,0.0,0,0,0.0,2,0,0.45,1,0,0.45,13,0,4.4,13,0,40,0
14,0,7.541666666666667,12,1,4.791666666666667,10.0,-0.45843505859375,2.8468490048659683,0,0,0.0,0,0,0.0,22,0,6.833333333333333,0,0,0.0,0,0,0.0,0,0,0.0,0,0,0.0,3,0,0.7083333333333334,1,0,0.2916666666666667,12,0,3.7083333333333335,15,0,24,0
12,0,4.552631578947368,10,1,3.289473684210526,9.5,-0.25,3.182077508223684,0,0,0.0,0,0,0.0,13,0,4.894736842105263,0,0,0.0,0,0,0.0,0,0,0.0,0,0,0.0,3,0,0.5526315789473685,1,0,0.4473684210526316,6,0,2.6578947368421053,13,0,38,0
9,0,3.9285714285714284,11,1,5.309523809523809,10.0,-0.4375,3.4642857142857144,0,0,0.0,0,0,0.0,18,0,4.142857142857143,0,0,0.0,0,0,0.0,0,0,0.0,0,0,0.0,2,0,0.42857142857142855,1,0,0.4523809523809524,9,0,2.4761904761904763,10,0,42,0
16,5,11.264705882352942,12,1,5.352941176470588,3.143916606903076,-0.4564319707060349,0.8228978213361081,0,0,0.0,0,0,0.0,39,1,19.058823529411764,0,0,0.0,0,0,0.0,0,0,0.0,0,0,0.0,3,0,0.29411764705882354,1,0,0.4117647058823529,20,0,10.117647058823529,17,0,34,0
13,0,6.357142857142857,10,1,4.0,6.125,-0.46875,1.8647138465935964,0,0,0.0,0,0,0.0,36,0,10.178571428571429,0,0,0.0,0,0,0.0,0,0,0.0,0,0,0.0,2,0,0.4642857142857143,1,0,0.4642857142857143,20,0,5.571428571428571,14,0,28,0
16,3,9.6,10,1,3.6,5.0140348225831985,-0.46142578125,0.6346820466965437,0,0,0.0,0,0,0.0,55,2,17.24,0,0,0.0,0,0,0.0,0,0,0.0,0,0,0.0,2,0,0.24,1,0,0.52,28,2,9.12,17,0,25,0
16,2,9.91304347826087,10,1,4.086956521739131,8.0,-0.40576171875,0.7104346233865491,0,0,0.0,0,0,0.0,52,0,16.782608695652176,0,0,0.0,0,0,0.0,0,0,0.0,0,0,0.0,2,0,0.2608695652173913,1,0,0.2608695652173913,28,0,8.869565217391305,17,0,23,0
15,1,8.391304347826088,10,1,4.739130434782608,9.5,-0.4259330704808235,1.8621091082464662,0,0,0.0,0,0,0.0,30,0,10.869565217391305,0,0,0.0,0,0,0.0,0,0,0.0,0,0,0.0,3,0,0.6956521739130435,1,0,0.43478260869565216,17,0,5.869565217391305,16,0,23,0
14,1,8.0,11,1,4.85,6.0625,-0.42240458544983994,1.5959360122680664,0,0,0.0,0,0,0.0,33,0,13.55,0,0,0.0,0,0,0.0,0,0,0.0,0,0,0.0,2,0,0.5,1,0,0.25,17,0,6.95,15,0,20,0
20,6,12.8,10,1,3.2,6.048349380493164,-0.25677490234375,0.44591822624206545,0,0,0.0,0,0,0.0,24,0,10.8,0,0,0.0,0,0,0.0,0,0,0.0,0,0,0.0,2,0,0.2,1,0,0.1,13,0,5.8,21,0,10,0
16,1,9.666666666666666,10,1,4.074074074074074,6.235286712646484,-0.48139474199106225,1.4160065827546295,0,0,0.0,0,0,0.0,58,0,18.814814814814813,0,0,0.0,0,0,0.0,0,0,0.0,0,0,0.0,3,0,0.4074074074074074,1,0,0.4444444444444444,31,0,9.925925925925926,17,0,27,0
13,0,6.266666666666667,10,1,3.466666666666667,5.304037570953369,-0.44039344787597656,1.8884863058725994,0,0,0.0,0,0,0.0,19,0,9.966666666666667,0,0,0.0,0,0,0.0,0,0,0.0,0,0,0.0,2,0,0.3333333333333333,1,0,0.5,10,0,5.366666666666666,14,0,30,0
14,0,9.81081081081081,10,1,5.72972972972973,7.0,-0.4186923021223441,0.8529877533783783,0,0,0.0,0,0,0.0,49,0,18.324324324324323,0,0,0.0,0,0,0.0,0,0,0.0,0,0,0.0,2,0,0.1891891891891892,1,0,0.43243243243243246,27,0,9.837837837837839,15,0,37,0
14,3,8.107142857142858,10,1,4.392857142857143,7.5,-0.43359375,1.1773114885602678,0,0,0.0,0,0,0.0,41,0,12.5,0,0,0.0,0,0,0.0,0,0,0.0,0,0,0.0,2,0,0.35714285714285715,1,0,0.35714285714285715,20,0,6.892857142857143,15,0,28,0
12,0,5.925925925925926,9,1,4.148148148148148,9.0,-0.4987810465338418,3.1078830295138893,0,0,0.0,0,0,0.0,41,0,8.518518518518519,0,0,0.0,0,0,0.0,0,0,0.0,0,0,0.0,2,0,0.37037037037037035,1,0,0.5925925925925926,20,0,4.814814814814815,13,0,27,0
14,0,6.1,10,1,3.3333333333333335,8.0,-0.375,2.106650580279529,0,0,0.0,0,0,0.0,25,0,7.033333333333333,0,0,0.0,0,0,0.0,0,0,0.0,0,0,0.0,3,0,0.6666666666666666,1,0,0.3333333333333333,13,0,3.6,15,0,30,0
15,0,8.2,10,1,3.966666666666667,8.0,-0.3969452381134033,1.0556564966837565,0,0,0.0,0,0,0.0,49,0,13.8,0,0,0.0,0,0,0.0,0,0,0.0,0,0,0.0,3,0,0.5,1,0,0.4,25,0,7.5,16,0,30,0
16,4,8.555555555555555,10,2,4.111111111111111,3.8965483605861664,-0.4921875,2.1430192622873516,0,0,0.0,0,0,0.0,20,2,6.222222222222222,0,0,0.0,0,0,0.0,0,0,0.0,0,0,0.0,2,0,0.7777777777777778,1,0,0.3333333333333333,10,1,3.7777777777777777,17,0,9,0
17,4,9.23076923076923,9,1,3.6153846153846154,3.6985733644396532,-0.09777210792526603,1.7278207406164325,0,0,0.0,0,0,0.0,24,2,13.846153846153847,0,0,0.0,0,0,0.0,0,0,0.0,0,0,0.0,3,0,0.7692307692307693,1,0,0.38461538461538464,12,3,7.384615384615385,18,0,13,0
13,0,6.125,10,1,4.975,9.5,-0.430323688313365,2.8559814453125,0,0,0.0,0,0,0.0,20,0,7.65,0,0,0.0,0,0,0.0,0,0,0.0,0,0,0.0,3,0,0.6,1,0,0.35,12,0,4.2,13,0,40,0
14,0,6.931034482758621,11,1,3.7241379310344827,5.0,-0.42578125,1.2517794905037716,0,0,0.0,0,0,0.0,24,0,8.551724137931034,0,0,0.0,0,0,0.0,0,0,0.0,0,0,0.0,2,0,0.5172413793103449,1,0,0.3793103448275862,12,0,4.724137931034483,15,0,29,0
10,0,3.9761904761904763,10,1,4.238095238095238,9.0,-0.009918212890625,2.7261904761904763,0,0,0.0,0,0,0.0,19,0,5.904761904761905,0,0,0.0,0,0,0.0,0,0,0.0,0,0,0.0,1,0,0.38095238095238093,1,0,0.4523809523809524,11,0,3.2857142857142856,11,0,42,0
15,4,9.125,11,1,4.6875,3.87890625,-0.4374901056289673,1.3962472868224722,0,0,0.0,0,0,0.0,29,1,12.46875,0,0,0.0,0,0,0.0,0,0,0.0,0,0,0.0,2,0,0.46875,1,0,0.40625,15,0,6.75,16,0,32,0
12,0,6.055555555555555,13,1,4.861111111111111,10.0,-0.318603515625,3.3366156684027777,0,0,0.0,0,0,0.0,24,0,7.138888888888889,0,0,0.0,0,0,0.0,0,0,0.0,0,0,0.0,4,0,0.5555555555555556,1,0,0.3611111111111111,14,0,3.888888888888889,13,0,36,0
11,0,5.116279069767442,10,1,4.8604651162790695,9.0,-0.43570709228515625,2.3611918604651163,0,0,0.0,0,0,0.0,26,0,6.72093023255814,0,0,0.0,0,0,0.0,0,0,0.0,0,0,0.0,2,0,0.5116279069767442,1,0,0.2558139534883721,16,0,3.697674418604651,12,0,43,0
11,0,5.5625,12,1,5.958333333333333,9.5,-0.47265625,1.9270833333333333,0,0,0.0,0,0,0.0,32,0,8.8125,0,0,0.0,0,0,0.0,0,0,0.0,0,0,0.0,2,0,0.3958333333333333,1,0,0.3541666666666667,15,0,4.854166666666667,11,0,48,0
18,4,10.166666666666666,10,1,3.5,3.7830472588539124,0.0,1.34612171848615,0,0,0.0,0,0,0.0,17,0,8.166666666666666,0,0,0.0,0,0,0.0,0,0,0.0,0,0,0.0,2,0,0.6666666666666666,1,0,0.5,9,0,4.166666666666667,19,0,6,0
13,0,4.5588235294117645,10,1,3.6176470588235294,6.0,-0.2109375,2.8152573529411766,0,0,0.0,0,0,0.0,22,0,5.294117647058823,0,0,0.0,0,0,0.0,0,0,0.0,0,0,0.0,2,0,0.6764705882352942,1,0,0.4117647058823529,12,0,3.176470588235294,13,0,34,0
16,3,10.090909090909092,10,1,4.454545454545454,7.75,-0.43359375,1.2279829545454546,0,0,0.0,0,0,0.0,32,0,13.272727272727273,0,0,0.0,0,0,0.0,0,0,0.0,0,0,0.0,3,0,0.36363636363636365,1,0,0.36363636363636365,19,0,7.818181818181818,17,0,11,0
14,0,7.388888888888889,10,1,4.111111111111111,6.0,-0.3699951171875,2.0142686631944446,0,0,0.0,0,0,0.0,36,0,10.88888888888889,0,0,0.0,0,0,0.0,0,0,0.0,0,0,0.0,2,0,0.5,1,0,0.5555555555555556,17,0,5.611111111111111,15,0,18,0
13,0,7.68,9,1,5.0,7.625,-0.44140625,1.57875,0,0,0.0,0,0,0.0,21,0,8.92,0,0,0.0,0,0,0.0,0,0,0.0,0,0,0.0,3,0,0.36,1,0,0.6,10,0,4.56,14,0,25,0
13,2,9.695652173913043,10,1,6.826086956521739,3.75,-0.375,0.5503659455672555,0,0,0.0,0,0,0.0,45,0,14.91304347826087,0,0,0.0,0,0,0.0,0,0,0.0,0,0,0.0,1,0,0.21739130434782608,1,0,0.30434782608695654,23,0,7.869565217391305,14,0,23,0
12,0,4.931034482758621,9,1,4.103448275862069,9.0,-0.25,3.4757543103448274,0,0,0.0,0,0,0.0,20,0,3.9655172413793105,0,0,0.0,0,0,0.0,0,0,0.0,0,0,0.0,2,0,0.6896551724137931,1,0,0.4827586206896552,11,0,2.413793103448276,13,0,29,0
16,1,9.736842105263158,13,1,5.526315789473684,5.0,-0.3394259214401245,1.001530697471217,0,0,0.0,0,0,0.0,32,1,11.947368421052632,0,0,0.0,0,0,0.0,0,0,0.0,0,0,0.0,2,0,0.47368421052631576,1,0,0.2631578947368421,17,1,6.894736842105263,16,0,19,0
14,3,7.6571428571428575,10,1,3.942857142857143,7.5,-0.482666015625,1.7780343191964285,0,0,0.0,0,0,0.0,26,0,8.457142857142857,0,0,0.0,0,0,0.0,0,0,0.0,0,0,0.0,2,0,0.37142857142857144,1,0,0.42857142857142855,14,0,5.0,15,0,35,0
11,0,5.717391304347826,12,1,5.5,7.5,-0.3125,1.5457286005434783,0,0,0.0,0,0,0.0,39,0,9.217391304347826,0,0,0.0,0,0,0.0,0,0,0.0,0,0,0.0,2,0,0.5217391304347826,1,0,0.30434782608695654,21,0,5.021739130434782,12,0,46,0
13,0,7.125,13,1,4.46875,5.75,-0.31412363052368164,1.578826904296875,0,0,0.0,0,0,0.0,30,0,11.34375,0,0,0.0,0,0,0.0,0,0,0.0,0,0,0.0,2,0,0.40625,1,0,0.40625,15,0,6.125,14,0,32,0
16,2,9.11111111111111,9,1,4.666666666666667,5.734375,-0.482421875,1.4254348542955186,0,0,0.0,0,0,0.0,18,0,7.944444444444445,0,0,0.0,0,0,0.0,0,0,0.0,0,0,0.0,3,0,0.7222222222222222,1,0,0.2777777777777778,10,0,4.666666666666667,17,0,18,0
13,2,8.071428571428571,10,1,4.964285714285714,4.0,-0.47600555419921875,1.0,0,0,0.0,0,0,0.0,21,0,9.071428571428571,0,0,0.0,0,0,0.0,0,0,0.0,0,0,0.0,1,0,0.17857142857142858,1,0,0.42857142857142855,11,0,4.821428571428571,14,0,28,0
11,0,4.1395348837209305,10,1,3.6511627906976742,9.0,0.0,4.053681129632994,0,0,0.0,0,0,0.0,14,0,5.511627906976744,0,0,0.0,0,0,0.0,0,0,0.0,0,0,0.0,3,0,0.4883720930232558,1,0,0.4883720930232558,8,0,3.186046511627907,12,0,43,0
14,0,6.857142857142857,10,1,3.0952380952380953,5.0,-0.3257637023925781,1.860756680518361,0,0,0.0,0,0,0.0,24,0,10.238095238095237,0,0,0.0,0,0,0.0,0,0,0.0,0,0,0.0,2,0,0.3333333333333333,1,0,0.5238095238095238,13,0,5.571428571428571,15,0,21,0
11,0,3.7209302325581395,10,1,3.8372093023255816,10.0,-0.25,4.510901162790698,0,0,0.0,0,0,0.0,23,0,5.069767441860465,0,0,0.0,0,0,0.0,0,0,0.0,0,0,0.0,2,0,0.6744186046511628,1,0,0.27906976744186046,11,0,2.9069767441860463,12,0,43,0
14,1,5.739130434782608,10,1,2.782608695652174,6.5,-0.3669586181640625,3.292898551277492,0,0,0.0,0,0,0.0,16,0,6.521739130434782,0,0,0.0,0,0,0.0,0,0,0.0,0,0,0.0,3,0,0.6521739130434783,1,0,0.4782608695652174,10,0,3.739130434782609,15,0,23,0
12,0,6.176470588235294,10,1,4.5588235294117645,7.5,-0.22907543182373047,2.363970588235294,0,0,0.0,0,0,0.0,28,0,9.647058823529411,0,0,0.0,0,0,0.0,0,0,0.0,0,0,0.0,2,0,0.4117647058823529,1,0,0.5,14,0,5.176470588235294,13,0,34,0
15,4,9.125,10,1,4.5,5.46575927734375,-0.375,2.5454673767089844,0,0,0.0,0,0,0.0,24,1,9.8125,0,0,0.0,0,0,0.0,0,0,0.0,0,0,0.0,2,0,0.4375,1,0,0.5,12,0,5.125,16,0,16,0
18,7,13.384615384615385,15,1,5.769230769230769,2.5,-0.4921875,0.49158653846153844,0,0,0.0,0,0,0.0,37,0,16.23076923076923,0,0,0.0,0,0,0.0,0,0,0.0,0,0,0.0,3,0,0.38461538461538464,1,0,0.3076923076923077,20,0,8.538461538461538,19,0,13,0
15,0,9.108108108108109,13,1,5.5675675675675675,7.5,-0.46152844511379953,1.8461782094594594,0,0,0.0,0,0,0.0,41,0,15.243243243243244,0,0,0.0,0,0,0.0,0,0,0.0,0,0,0.0,2,0,0.40540540540540543,1,0,0.2702702702702703,21,0,7.8108108108108105,15,0,37,0
9,0,3.0980392156862746,10,1,4.431372549019608,8.5,-0.37233227491378784,3.1106004901960786,0,0,0.0,0,0,0.0,26,0,4.549019607843137,0,0,0.0,0,0,0.0,0,0,0.0,0,0,0.0,3,0,0.39215686274509803,1,0,0.4117647058823529,14,0,2.6862745098039214,10,0,51,0
14,0,6.521739130434782,10,1,3.739130434782609,10.0,-0.1103515625,2.3302540986434273,0,0,0.0,0,0,0.0,35,0,9.434782608695652,0,0,0.0,0,0,0.0,0,0,0.0,0,0,0.0,3,0,0.6956521739130435,1,0,0.5217391304347826,19,0,5.478260869565218,15,0,23,0
10,0,3.152173913043478,10,1,3.4565217391304346,9.0,-0.125,3.407608695652174,0,0,0.0,0,0,0.0,13,0,3.9347826086956523,0,0,0.0,0,0,0.0,0,0,0.0,0,0,0.0,2,0,0.41304347826086957,1,0,0.5,8,0,2.282608695652174,11,0,46,0
14,0,6.967741935483871,10,1,3.7096774193548385,5.5,-0.444256067276001,1.8981781005859375,0,0,0.0,0,0,0.0,36,0,11.419354838709678,0,0,0.0,0,0,0.0,0,0,0.0,0,0,0.0,3,0,0.5161290322580645,1,0,0.3870967741935484,18,0,6.290322580645161,15,0,31,0
12,2,7.542857142857143,10,1,5.685714285714286,5.68603515625,-0.3826308250427246,1.2807477678571428,0,0,0.0,0,0,0.0,29,0,12.685714285714285,0,0,0.0,0,0,0.0,0,0,0.0,0,0,0.0,2,0,0.2857142857142857,1,0,0.42857142857142855,15,0,6.771428571428571,13,0,35,0
16,0,11.392857142857142,10,1,5.892857142857143,8.0,-0.47670745849609375,0.7589285714285714,0,0,0.0,0,0,0.0,62,0,23.0,0,0,0.0,0,0,0.0,0,0,0.0,0,0,0.0,3,0,0.35714285714285715,1,0,0.39285714285714285,33,0,12.0,17,0,28,0
13,0,10.352941176470589,12,1,7.676470588235294,4.125,-0.35791921615600586,0.5588235294117647,0,0,0.0,0,0,0.0,38,0,17.205882352941178,0,0,0.0,0,0,0.0,0,0,0.0,0,0,0.0,2,0,0.29411764705882354,1,0,0.23529411764705882,20,0,9.294117647058824,14,0,34,0
16,4,9.523809523809524,10,1,3.857142857142857,5.041473388671875,-0.43457716703414917,0.5185336158389137,0,0,0.0,0,0,0.0,26,0,9.761904761904763,0,0,0.0,0,0,0.0,0,0,0.0,0,0,0.0,1,0,0.2857142857142857,1,0,0.19047619047619047,13,0,5.238095238095238,17,0,21,0
15,4,8.5625,10,1,3.875,4.1796875,-0.224609375,0.8861083984375,0,0,0.0,0,0,0.0,31,0,9.4375,0,0,0.0,0,0,0.0,0,0,0.0,0,0,0.0,2,0,0.3125,1,0,0.3125,16,0,5.5625,16,0,16,0
13,2,7.0,10,1,4.363636363636363,7.0,-0.3541259765625,2.1219167998342803,0,0,0.0,0,0,0.0,24,0,9.303030303030303,0,0,0.0,0,0,0.0,0,0,0.0,0,0,0.0,2,0,0.3939393939393939,1,0,0.3939393939393939,16,0,5.2727272727272725,14,0,33,0
14,4,9.8125,12,1,6.53125,3.802238706499338,-0.33452738786129177,0.668347954750061,0,0,0.0,0,0,0.0,47,0,15.375,0,0,0.0,0,0,0.0,0,0,0.0,0,0,0.0,2,0,0.5,1,0,0.28125,25,0,8.3125,15,0,32,0
14,0,9.552631578947368,10,1,5.578947368421052,9.0,-0.4530131419887766,1.0797072331800959,0,0,0.0,0,0,0.0,32,0,15.421052631578947,0,0,0.0,0,0,0.0,0,0,0.0,0,0,0.0,3,0,0.23684210526315788,1,0,0.47368421052631576,18,0,8.421052631578947,15,0,38,0
12,0,5.8125,9,1,4.1875,3.5,-0.4367244243621826,1.7253847122192383,0,0,0.0,0,0,0.0,32,0,9.9375,0,0,0.0,0,0,0.0,0,0,0.0,0,0,0.0,2,0,0.4375,1,0,0.53125,15,0,5.375,13,0,32,0
16,4,10.6,11,1,5.633333333333334,4.37420654296875,-0.4748673325884738,0.8811271905899051,0,0,0.0,0,0,0.0,42,0,17.666666666666668,0,0,0.0,0,0,0.0,0,0,0.0,0,0,0.0,1,0,0.23333333333333334,1,0,0.43333333333333335,21,0,9.4,16,0,30,0
15,2,7.428571428571429,10,1,3.5238095238095237,4.559684753417969,-0.4433138221502304,1.3729300147720747,0,0,0.0,0,0,0.0,43,0,13.142857142857142,0,0,0.0,0,0,0.0,0,0,0.0,0,0,0.0,3,0,0.6190476190476191,1,0,0.14285714285714285,22,0,6.761904761904762,16,0,21,0
13,0,7.78125,10,1,5.15625,7.5,-0.43796539306640625,1.63494873046875,0,0,0.0,0,0,0.0,25,0,10.1875,0,0,0.0,0,0,0.0,0,0,0.0,0,0,0.0,2,0,0.40625,1,0,0.40625,14,0,5.5625,14,0,32,0
13,0,8.371428571428572,11,1,5.828571428571428,10.0,-0.40179443359375,0.8210812181234359,0,0,0.0,0,0,0.0,37,0,13.542857142857143,0,0,0.0,0,0,0.0,0,0,0.0,0,0,0.0,2,0,0.4,1,0,0.45714285714285713,21,0,7.428571428571429,14,0,35,0
12,0,5.194444444444445,9,1,3.7777777777777777,7.5,-0.49603307247161865,2.3776041666666665,0,0,0.0,0,0,0.0,25,0,7.972222222222222,0,0,0.0,0,0,0.0,0,0,0.0,0,0,0.0,2,0,0.4722222222222222,1,0,0.3611111111111111,14,0,4.416666666666667,13,0,36,0
12,0,5.185185185185185,9,1,4.444444444444445,9.0,0.0,3.290509259259259,0,0,0.0,0,0,0.0,16,0,3.8518518518518516,0,0,0.0,0,0,0.0,0,0,0.0,0,0,0.0,2,0,0.7407407407407407,1,0,0.4074074074074074,8,0,2.2962962962962963,13,0,27,0
18,5,10.952380952380953,10,1,4.0476190476190474,4.529144287109375,-0.3467292785644531,0.7902650629125889,0,0,0.0,0,0,0.0,49,0,18.714285714285715,0,0,0.0,0,0,0.0,0,0,0.0,0,0,0.0,3,0,0.6190476190476191,1,0,0.38095238095238093,24,0,9.761904761904763,19,0,21,0
14,2,7.967741935483871,13,1,4.354838709677419,4.80078125,-0.1875,1.347687752016129,0,0,0.0,0,0,0.0,28,0,12.483870967741936,0,0,0.0,0,0,0.0,0,0,0.0,0,0,0.0,3,0,0.3870967741935484,1,0,0.2903225806451613,17,1,6.67741935483871,15,0,31,0
13,1,7.864864864864865,14,1,5.891891891891892,8.5,-0.4678604436103342,2.1927787162162167,0,0,0.0,0,0,0.0,49,0,16.864864864864863,0,0,0.0,0,0,0.0,0,0,0.0,0,0,0.0,2,0,0.32432432432432434,1,0,0.5675675675675675,26,0,9.08108108108108,13,0,37,0
14,3,9.785714285714286,10,1,5.642857142857143,6.375,-0.4882614512673271,0.748325892857143,0,0,0.0,0,0,0.0,43,0,16.0,0,0,0.0,0,0,0.0,0,0,0.0,0,0,0.0,1,0,0.17857142857142858,1,0,0.5,23,0,8.714285714285714,15,0,28,0
13,2,6.615384615384615,10,1,4.0,6.25,-0.109375,2.4060496794871793,0,0,0.0,0,0,0.0,21,0,8.58974358974359,0,0,0.0,0,0,0.0,0,0,0.0,0,0,0.0,2,0,0.4358974358974359,1,0,0.46153846153846156,12,0,4.564102564102564,14,0,39,0
13,2,6.361111111111111,11,1,4.111111111111111,6.2578125,-0.21875,2.4507378472222223,0,0,0.0,0,0,0.0,24,0,7.888888888888889,0,0,0.0,0,0,0.0,0,0,0.0,0,0,0.0,3,0,0.5277777777777778,1,0,0.3333333333333333,12,0,4.5,14,0,36,0
14,3,7.771428571428571,13,1,4.314285714285714,4.014900207519531,-0.49740976095199585,1.941526983842758,0,0,0.0,0,0,0.0,28,2,12.971428571428572,0,0,0.0,0,0,0.0,0,0,0.0,0,0,0.0,2,0,0.4857142857142857,1,0,0.45714285714285713,16,1,6.828571428571428,15,0,35,0
19,4,10.666666666666666,10,1,3.9166666666666665,4.697294235229492,-0.46000178158283234,1.4017718580241005,0,0,0.0,0,0,0.0,33,2,19.0,0,0,0.0,0,0,0.0,0,0,0.0,0,0,0.0,2,0,0.6666666666666666,1,0,0.25,19,1,9.916666666666666,19,0,24,0
17,0,10.9,10,1,4.6,5.0,-0.4116616237197974,0.43000387989450245,0,0,0.0,0,0,0.0,43,0,21.9,0,0,0.0,0,0,0.0,0,0,0.0,0,0,0.0,3,0,0.45,1,0,0.3,26,0,11.55,18,0,20,0
16,2,10.0,10,1,5.416666666666667,3.828125,-0.307788610458374,1.0119415832062562,0,0,0.0,0,0,0.0,23,0,10.75,0,0,0.0,0,0,0.0,0,0,0.0,0,0,0.0,3,0,0.6666666666666666,1,0,0.25,12,0,5.333333333333333,17,0,12,0
12,0,7.209302325581396,12,1,5.976744186046512,6.0,-0.37484763049416703,1.8868095930232551,0,0,0.0,0,0,0.0,38,0,12.720930232558139,0,0,0.0,0,0,0.0,0,0,0.0,0,0,0.0,2,0,0.5348837209302325,1,0,0.3488372093023256,19,0,6.790697674418604,13,0,43,0
12,0,5.3,9,1,4.033333333333333,8.5,-0.3701171875,2.312858072916667,0,0,0.0,0,0,0.0,17,0,5.766666666666667,0,0,0.0,0,0,0.0,0,0,0.0,0,0,0.0,3,0,0.5333333333333333,1,0,0.4,10,0,3.3,13,0,30,0
11,0,4.285714285714286,10,1,3.9047619047619047,10.0,-0.22802734375,2.921875,0,0,0.0,0,0,0.0,25,0,6.142857142857143,0,0,0.0,0,0,0.0,0,0,0.0,0,0,0.0,2,0,0.5,1,0,0.40476190476190477,12,0,3.5238095238095237,12,0,42,0
12,1,6.0,12,1,5.0,8.5,-0.3051441743451322,2.8598090277777777,0,0,0.0,0,0,0.0,51,1,14.944444444444445,0,0,0.0,0,0,0.0,0,0,0.0,0,0,0.0,3,0,0.6388888888888888,1,0,0.3611111111111111,28,0,8.055555555555555,13,0,36,0
14,2,7.678571428571429,9,1,4.071428571428571,4.77734375,-0.171875,1.6236168997628349,0,0,0.0,0,0,0.0,17,0,8.035714285714286,0,0,0.0,0,0,0.0,0,0,0.0,0,0,0.0,2,0,0.39285714285714285,1,0,0.42857142857142855,10,0,4.428571428571429,15,0,28,0
13,0,8.432432432432432,10,1,5.864864864864865,8.0,-0.446533203125,1.304054054054054,0,0,0.0,0,0,0.0,30,0,12.162162162162161,0,0,0.0,0,0,0.0,0,0,0.0,0,0,0.0,3,0,0.32432432432432434,1,0,0.2972972972972973,15,0,6.351351351351352,14,0,37,0
11,0,4.162790697674419,9,1,4.046511627906977,8.0,-0.125,3.7238372093023258,0,0,0.0,0,0,0.0,13,0,4.27906976744186,0,0,0.0,0,0,0.0,0,0,0.0,0,0,0.0,3,0,0.627906976744186,1,0,0.3488372093023256,7,0,2.744186046511628,12,0,43,0
9,0,2.978723404255319,13,1,4.574468085106383,9.0,0.25,3.9388297872340425,0,0,0.0,0,0,0.0,22,0,5.127659574468085,0,0,0.0,0,0,0.0,0,0,0.0,0,0,0.0,2,0,0.5319148936170213,1,0,0.425531914893617,13,0,3.0425531914893615,10,0,47,0
12,0,4.25,10,1,3.0555555555555554,8.5,0.0,3.24169921875,0,0,0.0,0,0,0.0,22,0,6.694444444444445,0,0,0.0,0,0,0.0,0,0,0.0,0,0,0.0,3,0,0.5833333333333334,1,0,0.4444444444444444,13,0,3.6666666666666665,13,0,36,0
13,0,6.285714285714286,9,1,3.892857142857143,8.0,-0.4006819462392741,2.7767321722848073,0,0,0.0,0,0,0.0,37,0,11.964285714285714,0,0,0.0,0,0,0.0,0,0,0.0,0,0,0.0,2,0,0.5,1,0,0.4642857142857143,19,0,6.428571428571429,14,0,28,0
11,0,7.319148936170213,14,1,6.617021276595745,8.5,-0.3535459655987063,1.5319148936170213,0,0,0.0,0,0,0.0,53,0,16.95744680851064,0,0,0.0,0,0,0.0,0,0,0.0,0,0,0.0,2,0,0.3617021276595745,1,0,0.40425531914893614,28,0,8.74468085106383,12,0,47,0
15,4,8.736842105263158,10,1,3.8947368421052633,5.706268310546875,-0.11919116973876953,2.034021176789936,0,0,0.0,0,0,0.0,23,0,11.842105263157896,0,0,0.0,0,0,0.0,0,0,0.0,0,0,0.0,2,0,0.3157894736842105,1,0,0.5263157894736842,12,0,6.684210526315789,16,0,19,0
17,2,9.0,10,2,4.166666666666667,5.5,-0.34375,2.188259548611111,0,0,0.0,0,0,0.0,17,2,9.11111111111111,0,0,0.0,0,0,0.0,0,0,0.0,0,0,0.0,3,0,0.6666666666666666,1,0,0.2222222222222222,9,1,4.777777777777778,17,0,18,0
11,0,6.976744186046512,11,1,6.325581395348837,9.0,-0.27170658111572266,1.7331031976744187,0,0,0.0,0,0,0.0,22,0,9.0,0,0,0.0,0,0,0.0,0,0,0.0,0,0,0.0,2,0,0.3488372093023256,1,0,0.3953488372093023,11,0,4.953488372093023,12,0,43,0
12,0,4.947368421052632,9,1,3.6842105263157894,7.75,-0.494140625,2.8619561446340462,0,0,0.0,0,0,0.0,28,0,5.473684210526316,0,0,0.0,0,0,0.0,0,0,0.0,0,0,0.0,2,0,0.5263157894736842,1,0,0.2894736842105263,14,0,3.3421052631578947,13,0,38,0
16,0,9.157894736842104,10,1,3.6842105263157894,3.4489822387695312,-0.4275312293320894,1.1836154939312684,0,0,0.0,0,0,0.0,26,0,15.842105263157896,0,0,0.0,0,0,0.0,0,0,0.0,0,0,0.0,3,0,0.47368421052631576,1,0,0.5789473684210527,14,0,8.263157894736842,17,0,19,0
17,0,9.4,10,1,3.3333333333333335,6.25,-0.4375,1.105705769856771,0,0,0.0,0,0,0.0,36,0,15.933333333333334,0,0,0.0,0,0,0.0,0,0,0.0,0,0,0.0,3,0,0.6,1,0,0.3333333333333333,21,0,8.466666666666667,18,0,15,0
14,1,7.6571428571428575,10,1,3.857142857142857,6.875,-0.484375,0.8281278729438781,0,0,0.0,0,0,0.0,25,1,10.514285714285714,0,0,0.0,0,0,0.0,0,0,0.0,0,0,0.0,3,0,0.2857142857142857,1,0,0.42857142857142855,18,0,5.9714285714285715,15,0,35,0
10,0,4.775510204081633,12,1,5.428571428571429,8.5,-0.46395805111205846,2.6377551020408165,0,0,0.0,0,0,0.0,30,0,7.918367346938775,0,0,0.0,0,0,0.0,0,0,0.0,0,0,0.0,2,0,0.5306122448979592,1,0,0.3469387755102041,16,0,4.408163265306122,11,0,49,0
15,0,7.380952380952381,9,1,3.9523809523809526,5.0,-0.3239687959649018,2.05610484719259,0,0,0.0,0,0,0.0,34,0,14.380952380952381,0,0,0.0,0,0,0.0,0,0,0.0,0,0,0.0,3,0,0.8095238095238095,1,0,0.42857142857142855,19,0,7.714285714285714,16,0,21,0
12,0,5.702702702702703,10,1,4.405405405405405,9.0,-0.4580988585948944,2.2641469594594597,0,0,0.0,0,0,0.0,30,0,7.1891891891891895,0,0,0.0,0,0,0.0,0,0,0.0,0,0,0.0,2,0,0.5135135135135135,1,0,0.2972972972972973,16,0,3.918918918918919,13,0,37,0
12,0,5.027027027027027,9,1,3.5945945945945947,10.0,0.0,2.738175675675676,0,0,0.0,0,0,0.0,24,0,5.486486486486487,0,0,0.0,0,0,0.0,0,0,0.0,0,0,0.0,3,0,0.5135135135135135,1,0,0.3783783783783784,12,0,3.27027027027027,13,0,37,0
12,0,4.933333333333334,10,1,4.466666666666667,9.0,0.0,3.4403645833333334,0,0,0.0,0,0,0.0,22,0,4.133333333333334,0,0,0.0,0,0,0.0,0,0,0.0,0,0,0.0,4,0,0.8333333333333334,1,0,0.3,11,0,2.6333333333333333,13,0,30,0
18,4,10.214285714285714,10,1,3.0714285714285716,4.75,-0.46823744662106037,1.2341364362676228,0,0,0.0,0,0,0.0,18,1,10.214285714285714,0,0,0.0,0,0,0.0,0,0,0.0,0,0,0.0,2,0,0.5,1,0,0.42857142857142855,11,2,5.785714285714286,19,0,14,0
14,0,6.071428571428571,10,1,2.9285714285714284,10.0,-0.25,3.5004784209387645,0,0,0.0,0,0,0.0,21,0,7.357142857142857,0,0,0.0,0,0,0.0,0,0,0.0,0,0,0.0,2,0,0.5714285714285714,1,0,0.42857142857142855,11,0,4.071428571428571,15,0,14,0
13,1,7.512195121951219,12,1,6.2439024390243905,6.75,0.0,2.5457317073170733,0,0,0.0,0,0,0.0,28,0,9.75609756097561,0,0,0.0,0,0,0.0,0,0,0.0,0,0,0.0,2,0,0.5609756097560976,1,0,0.34146341463414637,16,0,5.414634146341464,13,0,41,0
11,0,5.040816326530612,11,1,5.346938775510204,8.0,-0.3582763671875,2.0825892857142856,0,0,0.0,0,0,0.0,25,0,9.040816326530612,0,0,0.0,0,0,0.0,0,0,0.0,0,0,0.0,2,0,0.40816326530612246,1,0,0.4897959183673469,15,0,4.918367346938775,11,0,49,0
11,0,4.483870967741935,10,1,4.096774193548387,10.0,0.0,3.8666519657258065,0,0,0.0,0,0,0.0,17,0,4.387096774193548,0,0,0.0,0,0,0.0,0,0,0.0,0,0,0.0,2,0,0.5161290322580645,1,0,0.4838709677419355,9,0,2.3870967741935485,12,0,31,0
13,0,7.48,12,1,5.96,7.0,-0.23705101013183594,2.170859375,0,0,0.0,0,0,0.0,34,0,10.68,0,0,0.0,0,0,0.0,0,0,0.0,0,0,0.0,2,0,0.44,1,0,0.52,17,0,5.6,13,0,25,0
13,0,7.818181818181818,11,1,5.484848484848484,8.0,-0.38135623931884766,1.6818181818181819,0,0,0.0,0,0,0.0,29,0,9.909090909090908,0,0,0.0,0,0,0.0,0,0,0.0,0,0,0.0,2,0,0.48484848484848486,1,0,0.3939393939393939,15,0,5.242424242424242,14,0,33,0
12,0,6.324324324324325,10,1,4.4324324324324325,5.625,-0.4591541290283203,2.2238399918014937,0,0,0.0,0,0,0.0,26,0,8.486486486486486,0,0,0.0,0,0,0.0,0,0,0.0,0,0,0.0,2,0,0.35135135135135137,1,0,0.5945945945945946,13,0,4.72972972972973,13,0,37,0
11,0,4.5777777777777775,15,1,4.2444444444444445,10.0,-0.47166359424591064,3.1272569444444445,0,0,0.0,0,0,0.0,47,0,8.466666666666667,0,0,0.0,0,0,0.0,0,0,0.0,0,0,0.0,2,0,0.4888888888888889,1,0,0.3111111111111111,25,0,4.4,12,0,45,0
12,0,5.0,10,1,3.272727272727273,10.0,-0.42366117984056473,2.6472993330522017,0,0,0.0,0,0,0.0,24,0,7.545454545454546,0,0,0.0,0,0,0.0,0,0,0.0,0,0,0.0,3,0,0.3939393939393939,1,0,0.5454545454545454,14,0,4.121212121212121,13,0,33,0
15,4,9.375,10,1,4.8125,5.0,-0.41412424135705805,1.1693734894070076,0,0,0.0,0,0,0.0,35,0,17.0,0,0,0.0,0,0,0.0,0,0,0.0,0,0,0.0,2,0,0.375,1,0,0.34375,17,0,9.15625,16,0,32,0
12,0,5.947368421052632,10,1,4.684210526315789,10.0,-0.43212890625,2.913492303145559,0,0,0.0,0,0,0.0,14,0,6.631578947368421,0,0,0.0,0,0,0.0,0,0,0.0,0,0,0.0,4,0,0.5263157894736842,1,0,0.34210526315789475,8,0,3.6578947368421053,13,0,38,0
17,0,10.923076923076923,10,1,4.461538461538462,10.0,-0.461822509765625,1.3375079815204327,0,0,0.0,0,0,0.0,21,0,11.153846153846153,0,0,0.0,0,0,0.0,0,0,0.0,0,0,0.0,3,0,0.38461538461538464,1,0,0.15384615384615385,14,0,5.769230769230769,18,0,13,0
12,1,6.222222222222222,11,1,4.638888888888889,6.75,-0.3359375,2.3393837610880532,0,0,0.0,0,0,0.0,24,0,8.25,0,0,0.0,0,0,0.0,0,0,0.0,0,0,0.0,2,0,0.4444444444444444,1,0,0.5277777777777778,12,0,4.361111111111111,13,0,36,0
20,6,11.923076923076923,10,1,2.5384615384615383,2.301666259765625,-0.35302734375,0.0820374179696915,0,0,0.0,0,0,0.0,34,2,16.153846153846153,0,0,0.0,0,0,0.0,0,0,0.0,0,0,0.0,2,0,0.38461538461538464,1,0,0.3076923076923077,16,2,8.384615384615385,21,0,13,0
14,0,5.407407407407407,10,1,2.3703703703703702,9.25,-0.4228515625,2.596589830186632,0,0,0.0,0,0,0.0,14,0,6.666666666666667,0,0,0.0,0,0,0.0,0,0,0.0,0,0,0.0,3,0,0.5925925925925926,1,0,0.4444444444444444,8,0,3.8518518518518516,15,0,27,0
16,4,9.31578947368421,10,1,4.2631578947368425,4.25,-0.34443204630534296,1.9033564517372532,0,0,0.0,0,0,0.0,41,1,14.157894736842104,0,0,0.0,0,0,0.0,0,0,0.0,0,0,0.0,2,0,0.5789473684210527,1,0,0.3684210526315789,23,0,8.157894736842104,17,0,19,0
16,2,10.045454545454545,10,1,4.363636363636363,2.2690188581162016,-0.3627471923828125,0.4508314563063633,0,0,0.0,0,0,0.0,50,0,17.863636363636363,0,0,0.0,0,0,0.0,0,0,0.0,0,0,0.0,2,0,0.3181818181818182,1,0,0.36363636363636365,26,0,9.636363636363637,17,0,22,0
17,0,10.428571428571429,11,1,5.333333333333333,9.0,-0.31064813495294175,1.3303193591889881,0,0,0.0,0,0,0.0,43,0,15.476190476190476,0,0,0.0,0,0,0.0,0,0,0.0,0,0,0.0,3,0,0.5714285714285714,1,0,0.3333333333333333,22,0,8.19047619047619,17,0,21,0
15,4,9.08695652173913,11,1,4.304347826086956,6.62860107421875,-0.35794929226727845,0.8326760996942935,0,0,0.0,0,0,0.0,33,1,16.565217391304348,0,0,0.0,0,0,0.0,0,0,0.0,0,0,0.0,3,0,0.30434782608695654,1,0,0.391304347826087,19,0,8.782608695652174,16,0,23,0
12,0,4.171428571428572,10,1,4.371428571428571,9.0,-0.46536820754408836,3.0056082589285715,0,0,0.0,0,0,0.0,36,0,5.714285714285714,0,0,0.0,0,0,0.0,0,0,0.0,0,0,0.0,3,0,0.7142857142857143,1,0,0.37142857142857144,19,0,3.057142857142857,12,0,35,0
15,0,9.481481481481481,11,1,5.222222222222222,6.0,-0.34851735129996086,1.0576655776412398,0,0,0.0,0,0,0.0,33,0,14.25925925925926,0,0,0.0,0,0,0.0,0,0,0.0,0,0,0.0,3,0,0.48148148148148145,1,0,0.37037037037037035,18,0,8.25925925925926,16,0,27,0
14,0,8.0,10,1,4.633333333333334,5.750763893127441,-0.4057731106877327,1.70610826810201,0,0,0.0,0,0,0.0,31,0,11.133333333333333,0,0,0.0,0,0,0.0,0,0,0.0,0,0,0.0,2,0,0.4666666666666667,1,0,0.3333333333333333,16,0,5.933333333333334,15,0,30,0
13,0,5.321428571428571,9,1,2.9642857142857144,6.375,-0.30648040771484375,2.622201306479318,0,0,0.0,0,0,0.0,23,0,8.285714285714286,0,0,0.0,0,0,0.0,0,0,0.0,0,0,0.0,2,0,0.5,1,0,0.2857142857142857,13,0,4.428571428571429,14,0,28,0
11,0,4.7555555555555555,10,1,4.333333333333333,9.5,-0.4639959037776862,2.8940972222222223,0,0,0.0,0,0,0.0,36,0,7.711111111111111,0,0,0.0,0,0,0.0,0,0,0.0,0,0,0.0,2,0,0.4888888888888889,1,0,0.4222222222222222,18,0,4.2444444444444445,12,0,45,0
11,0,4.4375,12,1,4.479166666666667,9.0,-0.46875,3.3203531901041665,0,0,0.0,0,0,0.0,26,0,7.083333333333333,0,0,0.0,0,0,0.0,0,0,0.0,0,0,0.0,3,0,0.6458333333333334,1,0,0.22916666666666666,15,0,4.041666666666667,12,0,48,0
15,1,10.944444444444445,14,1,6.888888888888889,7.5,-0.3338783679249565,1.2186215718587239,0,0,0.0,0,0,0.0,44,2,18.666666666666668,0,0,0.0,0,0,0.0,0,0,0.0,0,0,0.0,3,0,0.5555555555555556,1,0,0.16666666666666666,23,1,9.944444444444445,16,0,18,0
14,0,11.232558139534884,10,1,7.1395348837209305,7.0,-0.44946207106113434,0.2674418604651163,0,0,0.0,0,0,0.0,67,0,25.906976744186046,0,0,0.0,0,0,0.0,0,0,0.0,0,0,0.0,2,0,0.16279069767441862,1,0,0.3953488372093023,34,0,13.744186046511627,15,0,43,0
14,0,7.964285714285714,12,1,5.035714285714286,10.0,-0.2630348205566406,1.7725790398461478,0,0,0.0,0,0,0.0,21,0,7.0,0,0,0.0,0,0,0.0,0,0,0.0,0,0,0.0,3,0,0.6071428571428571,1,0,0.35714285714285715,12,0,3.7857142857142856,15,0,28,0
14,0,8.185185185185185,11,1,5.592592592592593,8.0,-0.47952400147914886,2.7190031828703702,0,0,0.0,0,0,0.0,27,0,11.037037037037036,0,0,0.0,0,0,0.0,0,0,0.0,0,0,0.0,3,0,0.4074074074074074,1,0,0.48148148148148145,14,0,6.185185185185185,14,0,27,0
13,2,8.363636363636363,12,1,5.666666666666667,5.47607421875,-0.41272646468132734,1.0168087121212122,0,0,0.0,0,0,0.0,35,1,13.030303030303031,0,0,0.0,0,0,0.0,0,0,0.0,0,0,0.0,2,0,0.3333333333333333,1,0,0.3939393939393939,19,0,7.03030303030303,14,0,33,0
13,0,7.633333333333334,10,1,5.433333333333334,10.0,-0.47906594281084836,2.037955729166667,0,0,0.0,0,0,0.0,28,0,10.0,0,0,0.0,0,0,0.0,0,0,0.0,0,0,0.0,2,0,0.5333333333333333,1,0,0.3,16,0,5.533333333333333,14,0,30,0
11,0,4.944444444444445,11,1,4.527777777777778,8.5,-0.375,2.01171875,0,0,0.0,0,0,0.0,17,0,6.25,0,0,0.0,0,0,0.0,0,0,0.0,0,0,0.0,2,0,0.4722222222222222,1,0,0.4722222222222222,10,0,3.5,12,0,36,0
12,0,5.470588235294118,9,1,3.5588235294117645,10.0,-0.25,2.5951286764705883,0,0,0.0,0,0,0.0,27,0,7.411764705882353,0,0,0.0,0,0,0.0,0,0,0.0,0,0,0.0,3,0,0.29411764705882354,1,0,0.5294117647058824,15,0,4.029411764705882,13,0,34,0
13,0,5.935483870967742,10,1,3.5806451612903225,8.0,-0.42327880859375,1.9198746219758065,0,0,0.0,0,0,0.0,25,0,6.225806451612903,0,0,0.0,0,0,0.0,0,0,0.0,0,0,0.0,2,0,0.45161290322580644,1,0,0.3225806451612903,13,0,3.5806451612903225,14,0,31,0
15,2,7.428571428571429,9,1,3.7142857142857144,6.182075500488281,-0.078125,1.9287964957101005,0,0,0.0,0,0,0.0,14,0,5.071428571428571,0,0,0.0,0,0,0.0,0,0,0.0,0,0,0.0,3,0,0.6428571428571429,1,0,0.42857142857142855,6,0,3.142857142857143,16,0,14,0
13,0,6.7272727272727275,10,1,5.090909090909091,9.5,-0.25,2.7911931818181817,0,0,0.0,0,0,0.0,21,0,7.136363636363637,0,0,0.0,0,0,0.0,0,0,0.0,0,0,0.0,3,0,0.7272727272727273,1,0,0.36363636363636365,12,0,3.6363636363636362,14,0,22,0
16,2,9.89655172413793,10,1,4.551724137931035,3.5859375,-0.3702462762594223,0.8660035257407702,0,0,0.0,0,0,0.0,38,4,18.896551724137932,0,0,0.0,0,0,0.0,0,0,0.0,0,0,0.0,2,0,0.4827586206896552,1,0,0.3793103448275862,20,1,10.068965517241379,17,0,29,0
12,2,6.0,10,1,4.0,6.5,-0.419921875,1.9512512989533253,0,0,0.0,0,0,0.0,19,0,7.17948717948718,0,0,0.0,0,0,0.0,0,0,0.0,0,0,0.0,1,0,0.28205128205128205,1,0,0.5384615384615384,10,0,4.0256410256410255,13,0,39,0
11,0,4.441860465116279,11,1,4.093023255813954,10.0,-0.046593411263919304,2.655341569767442,0,0,0.0,0,0,0.0,44,0,8.0,0,0,0.0,0,0,0.0,0,0,0.0,0,0,0.0,4,0,0.5116279069767442,1,0,0.3953488372093023,22,0,4.348837209302325,12,0,43,0
15,0,8.4,10,1,3.88,5.0,-0.3828125,0.94107421875,0,0,0.0,0,0,0.0,34,0,11.68,0,0,0.0,0,0,0.0,0,0,0.0,0,0,0.0,3,0,0.4,1,0,0.36,16,0,6.4,16,0,25,0
13,0,8.0,13,1,5.611111111111111,10.0,-0.3979054385741839,1.7907986111111107,0,0,0.0,0,0,0.0,54,0,18.194444444444443,0,0,0.0,0,0,0.0,0,0,0.0,0,0,0.0,2,0,0.4722222222222222,1,0,0.3611111111111111,28,0,9.61111111111111,14,0,36,0
11,0,4.3023255813953485,10,1,3.6511627906976742,8.5,-0.25,2.593386627906977,0,0,0.0,0,0,0.0,32,0,6.209302325581396,0,0,0.0,0,0,0.0,0,0,0.0,0,0,0.0,2,0,0.37209302325581395,1,0,0.4186046511627907,17,0,3.511627906976744,12,0,43,0
13,0,7.851851851851852,10,1,4.888888888888889,9.0,-0.48004603385925293,1.9192708333333333,0,0,0.0,0,0,0.0,27,0,10.25925925925926,0,0,0.0,0,0,0.0,0,0,0.0,0,0,0.0,2,0,0.25925925925925924,1,0,0.4074074074074074,16,0,5.481481481481482,14,0,27,0
15,1,9.0,12,1,4.217391304347826,7.125,-0.44140625,1.744873046875,0,0,0.0,0,0,0.0,36,0,11.173913043478262,0,0,0.0,0,0,0.0,0,0,0.0,0,0,0.0,2,0,0.34782608695652173,1,0,0.43478260869565216,20,0,5.913043478260869,16,0,23,0
18,7,12.928571428571429,9,2,5.285714285714286,1.6527439651661666,-0.44728854956383657,0.05867946781218133,0,0,0.0,0,0,0.0,31,7,16.785714285714285,0,0,0.0,0,0,0.0,0,0,0.0,0,0,0.0,3,0,0.2857142857142857,1,0,0.42857142857142855,16,5,8.857142857142858,19,0,14,0
17,6,9.68421052631579,10,1,3.526315789473684,4.668212890625,-0.47648119926452637,1.2386795847039473,0,0,0.0,0,0,0.0,32,5,13.473684210526315,0,0,0.0,0,0,0.0,0,0,0.0,0,0,0.0,2,0,0.5263157894736842,1,0,0.2631578947368421,18,3,7.368421052631579,18,0,19,0
14,0,6.862068965517241,14,1,4.689655172413793,10.0,-0.28369514644145966,2.7920237574084052,0,0,0.0,0,0,0.0,34,0,11.862068965517242,0,0,0.0,0,0,0.0,0,0,0.0,0,0,0.0,3,0,0.5517241379310345,1,0,0.4482758620689655,17,0,6.275862068965517,14,0,29,0
12,0,4.7317073170731705,12,1,4.609756097560975,8.0,-0.390625,3.768483231707317,0,0,0.0,0,0,0.0,20,0,6.048780487804878,0,0,0.0,0,0,0.0,0,0,0.0,0,0,0.0,2,0,0.6097560975609756,1,0,0.3902439024390244,12,0,3.292682926829268,12,0,41,0
15,1,10.03225806451613,15,1,5.806451612903226,9.5,-0.4659426767538414,1.3179813508064517,0,0,0.0,0,0,0.0,69,0,24.516129032258064,0,0,0.0,0,0,0.0,0,0,0.0,0,0,0.0,3,0,0.5161290322580645,1,0,0.2903225806451613,36,0,12.935483870967742,16,0,31,0
17,6,11.48,10,1,4.84,3.0625,-0.49952636092175073,0.8377565270795343,0,0,0.0,0,0,0.0,46,0,23.4,0,0,0.0,0,0,0.0,0,0,0.0,0,0,0.0,2,0,0.36,1,0,0.28,27,0,12.68,18,0,25,0
16,1,8.5,9,2,3.5,7.25,-0.375,1.7083333333333333,0,0,0.0,0,0,0.0,17,0,4.25,0,0,0.0,0,0,0.0,0,0,0.0,0,0,0.0,3,0,0.5833333333333334,1,0,0.3333333333333333,9,0,2.9166666666666665,17,0,12,0
17,7,11.787878787878787,10,1,4.696969696969697,3.6875,-0.4989998856194777,0.15628557584502478,0,0,0.0,0,0,0.0,55,1,19.90909090909091,0,0,0.0,0,0,0.0,0,0,0.0,0,0,0.0,1,0,0.18181818181818182,1,0,0.36363636363636365,28,0,10.545454545454545,18,0,33,0
14,0,8.5,10,1,5.088235294117647,7.0,-0.4742425593914974,1.588235294117647,0,0,0.0,0,0,0.0,38,0,15.676470588235293,0,0,0.0,0,0,0.0,0,0,0.0,0,0,0.0,2,0,0.47058823529411764,1,0,0.35294117647058826,21,0,8.676470588235293,15,0,34,0
13,0,9.36111111111111,12,1,6.388888888888889,10.0,-0.43186183681245893,0.7242567274305556,0,0,0.0,0,0,0.0,37,0,16.305555555555557,0,0,0.0,0,0,0.0,0,0,0.0,0,0,0.0,2,0,0.19444444444444445,1,0,0.3888888888888889,20,0,8.416666666666666,14,0,36,0
12,0,5.181818181818182,9,1,4.03030303030303,6.87109375,-0.23121154308319092,3.0828302556818183,0,0,0.0,0,0,0.0,41,0,8.818181818181818,0,0,0.0,0,0,0.0,0,0,0.0,0,0,0.0,2,0,0.5757575757575758,1,0,0.45454545454545453,21,0,4.636363636363637,13,0,33,0
15,1,11.066666666666666,10,1,6.3,5.5,-0.443359375,0.7161458333333334,0,0,0.0,0,0,0.0,32,0,14.433333333333334,0,0,0.0,0,0,0.0,0,0,0.0,0,0,0.0,2,0,0.26666666666666666,1,0,0.3333333333333333,19,0,7.7,16,0,30,0
15,2,7.8,10,1,3.6,8.0,-0.4560546875,2.1976301193237306,0,0,0.0,0,0,0.0,18,0,8.25,0,0,0.0,0,0,0.0,0,0,0.0,0,0,0.0,3,0,0.55,1,0,0.35,11,0,4.85,16,0,20,0
11,0,4.0,10,1,3.891891891891892,10.0,-0.25,3.2550675675675675,0,0,0.0,0,0,0.0,20,0,5.162162162162162,0,0,0.0,0,0,0.0,0,0,0.0,0,0,0.0,3,0,0.6216216216216216,1,0,0.3783783783783784,11,0,3.1621621621621623,12,0,37,0
12,0,6.184210526315789,10,1,4.7894736842105265,9.0,-0.3873917944947607,2.28125,0,0,0.0,0,0,0.0,30,0,9.052631578947368,0,0,0.0,0,0,0.0,0,0,0.0,0,0,0.0,2,0,0.47368421052631576,1,0,0.3684210526315789,16,0,4.973684210526316,13,0,38,0
12,1,7.176470588235294,15,1,5.676470588235294,5.5,-0.44008799579726343,1.7410386029411764,0,0,0.0,0,0,0.0,30,0,10.764705882352942,0,0,0.0,0,0,0.0,0,0,0.0,0,0,0.0,2,0,0.47058823529411764,1,0,0.35294117647058826,16,0,6.029411764705882,13,0,34,0
13,0,8.147058823529411,11,1,5.5,4.6585693359375,-0.4933237566292519,1.6223638197954964,0,0,0.0,0,0,0.0,31,0,11.323529411764707,0,0,0.0,0,0,0.0,0,0,0.0,0,0,0.0,3,0,0.4117647058823529,1,0,0.47058823529411764,15,0,6.294117647058823,14,0,34,0
9,0,4.261904761904762,11,1,5.476190476190476,7.5,-0.348769873380661,2.607142857142857,0,0,0.0,0,0,0.0,22,0,6.9523809523809526,0,0,0.0,0,0,0.0,0,0,0.0,0,0,0.0,2,0,0.38095238095238093,1,0,0.5238095238095238,12,0,3.857142857142857,10,0,42,0
18,2,10.0,10,1,3.2,3.837890625,-0.4384765625,0.7786495025599682,0,0,0.0,0,0,0.0,30,0,11.666666666666666,0,0,0.0,0,0,0.0,0,0,0.0,0,0,0.0,3,0,0.6,1,0,0.4,16,0,6.2,19,0,15,0
14,2,6.684210526315789,9,1,3.1052631578947367,4.06640625,-0.271697998046875,1.8202381134033203,0,0,0.0,0,0,0.0,26,0,9.789473684210526,0,0,0.0,0,0,0.0,0,0,0.0,0,0,0.0,2,0,0.42105263157894735,1,0,0.5263157894736842,14,0,5.473684210526316,15,0,19,0
10,0,3.022222222222222,12,1,3.911111111111111,9.0,-0.09375,4.333333333333333,0,0,0.0,0,0,0.0,26,0,3.2666666666666666,0,0,0.0,0,0,0.0,0,0,0.0,0,0,0.0,2,0,0.6,1,0,0.3333333333333333,13,0,2.111111111111111,11,0,45,0
17,4,11.083333333333334,10,1,4.333333333333333,4.5,-0.261871337890625,1.0763072619835536,0,0,0.0,0,0,0.0,22,5,12.666666666666666,0,0,0.0,0,0,0.0,0,0,0.0,0,0,0.0,2,0,0.3333333333333333,1,0,0.5833333333333334,11,2,6.75,18,0,12,0
15,1,7.125,10,1,3.0,7.625,-0.398101806640625,1.6947021484375,0,0,0.0,0,0,0.0,22,0,8.25,0,0,0.0,0,0,0.0,0,0,0.0,0,0,0.0,2,0,0.5,1,0,0.1875,13,0,4.375,16,0,16,0
16,2,8.25,10,1,2.9166666666666665,4.69488525390625,-0.1875,1.1341491142908733,0,0,0.0,0,0,0.0,21,0,7.5,0,0,0.0,0,0,0.0,0,0,0.0,0,0,0.0,2,0,0.4166666666666667,1,0,0.4166666666666667,14,0,4.166666666666667,17,0,12,0
10,0,4.717391304347826,11,1,5.326086956521739,7.25,-0.0455322265625,3.2989130434782608,0,0,0.0,0,0,0.0,19,0,6.434782608695652,0,0,0.0,0,0,0.0,0,0,0.0,0,0,0.0,2,0,0.5217391304347826,1,0,0.45652173913043476,10,0,3.4347826086956523,11,0,46,0
11,0,6.341463414634147,10,1,5.878048780487805,8.0,-0.4311392354552481,1.8719512195121952,0,0,0.0,0,0,0.0,44,0,10.365853658536585,0,0,0.0,0,0,0.0,0,0,0.0,0,0,0.0,2,0,0.43902439024390244,1,0,0.3902439024390244,26,0,5.878048780487805,12,0,41,0
7,0,2.5636363636363635,11,2,5.963636363636364,10.0,0.0,4.081818181818182,0,0,0.0,0,0,0.0,22,0,5.454545454545454,0,0,0.0,0,0,0.0,0,0,0.0,0,0,0.0,2,0,0.45454545454545453,1,0,0.41818181818181815,11,0,2.9454545454545453,8,0,55,0
18,3,10.357142857142858,10,1,3.642857142857143,3.152099609375,-0.4962862730026245,0.8485491616385323,0,0,0.0,0,0,0.0,23,0,10.571428571428571,0,0,0.0,0,0,0.0,0,0,0.0,0,0,0.0,3,0,0.6428571428571429,1,0,0.07142857142857142,13,0,5.857142857142857,19,0,14,0
15,0,7.88,11,1,4.36,9.0,-0.3898066394031048,1.841884765625,0,0,0.0,0,0,0.0,26,0,10.44,0,0,0.0,0,0,0.0,0,0,0.0,0,0,0.0,2,0,0.44,1,0,0.52,13,0,5.68,15,0,25,0
7,0,2.4909090909090907,11,2,6.090909090909091,9.0,0.0,4.1909090909090905,0,0,0.0,0,0,0.0,10,0,3.018181818181818,0,0,0.0,0,0,0.0,0,0,0.0,0,0,0.0,3,0,0.509090909090909,1,0,0.32727272727272727,5,0,1.9090909090909092,8,0,55,0
13,0,7.571428571428571,11,1,5.392857142857143,8.0,-0.25,1.7667410714285714,0,0,0.0,0,0,0.0,36,0,10.214285714285714,0,0,0.0,0,0,0.0,0,0,0.0,0,0,0.0,2,0,0.5357142857142857,1,0,0.35714285714285715,18,0,5.428571428571429,14,0,28,0
18,8,10.2,9,1,3.8,2.863922119140625,0.0,1.8162176787853241,0,0,0.0,0,0,0.0,18,0,10.0,0,0,0.0,0,0,0.0,0,0,0.0,0,0,0.0,2,0,0.8,1,0,0.4,10,0,6.0,19,0,5,0
11,0,6.181818181818182,16,1,5.659090909090909,9.5,-0.375,2.7638494318181817,0,0,0.0,0,0,0.0,17,0,6.2272727272727275,0,0,0.0,0,0,0.0,0,0,0.0,0,0,0.0,4,0,0.45454545454545453,1,0,0.45454545454545453,9,0,3.6363636363636362,12,0,44,0
18,2,11.117647058823529,10,1,3.5294117647058822,3.2265625,-0.4621305465698242,0.518059342957285,0,0,0.0,0,0,0.0,40,0,15.705882352941176,0,0,0.0,0,0,0.0,0,0,0.0,0,0,0.0,3,0,0.29411764705882354,1,0,0.23529411764705882,24,0,8.411764705882353,19,0,17,0
12,1,6.135135135135135,11,1,4.756756756756757,7.1875,-0.4403076171875,1.865287162162162,0,0,0.0,0,0,0.0,58,0,13.08108108108108,0,0,0.0,0,0,0.0,0,0,0.0,0,0,0.0,2,0,0.5135135135135135,1,0,0.40540540540540543,30,0,6.783783783783784,13,0,37,0
12,0,6.176470588235294,9,1,4.735294117647059,9.5,-0.4140625,2.5840992647058822,0,0,0.0,0,0,0.0,24,0,6.911764705882353,0,0,0.0,0,0,0.0,0,0,0.0,0,0,0.0,2,0,0.47058823529411764,1,0,0.5,12,0,3.9411764705882355,13,0,34,0
15,1,8.0,10,1,3.5238095238095237,6.0,-0.45703125,1.5308779761904763,0,0,0.0,0,0,0.0,20,0,7.857142857142857,0,0,0.0,0,0,0.0,0,0,0.0,0,0,0.0,3,0,0.42857142857142855,1,0,0.3333333333333333,11,0,4.142857142857143,16,0,21,0
13,0,7.333333333333333,10,1,4.888888888888889,10.0,-0.27276611328125,1.8767361111111112,0,0,0.0,0,0,0.0,25,0,11.88888888888889,0,0,0.0,0,0,0.0,0,0,0.0,0,0,0.0,2,0,0.4722222222222222,1,0,0.3888888888888889,14,0,6.388888888888889,14,0,36,0
15,0,10.046511627906977,13,1,6.534883720930233,10.0,-0.4823293685913086,1.0683139534883723,0,0,0.0,0,0,0.0,42,0,16.72093023255814,0,0,0.0,0,0,0.0,0,0,0.0,0,0,0.0,4,0,0.4418604651162791,1,0,0.3488372093023256,21,0,8.744186046511627,15,0,43,0
12,1,7.641025641025641,13,1,6.333333333333333,4.04248046875,-0.25,1.7037259615384615,0,0,0.0,0,0,0.0,56,0,16.512820512820515,0,0,0.0,0,0,0.0,0,0,0.0,0,0,0.0,3,0,0.5128205128205128,1,0,0.3333333333333333,30,0,8.76923076923077,13,0,39,0
13,0,5.75,9,1,3.78125,7.25,-0.375,2.469780805055052,0,0,0.0,0,0,0.0,22,0,5.75,0,0,0.0,0,0,0.0,0,0,0.0,0,0,0.0,3,0,0.625,1,0,0.40625,11,0,3.65625,14,0,32,0
13,0,6.3,10,1,3.675,6.75,-0.3125,2.609375,0,0,0.0,0,0,0.0,33,0,9.825,0,0,0.0,0,0,0.0,0,0,0.0,0,0,0.0,3,0,0.45,1,0,0.5,17,0,5.425,14,0,40,0
13,0,6.125,10,1,3.625,5.325408935546875,-0.2256784439086914,1.5001249462366104,0,0,0.0,0,0,0.0,28,0,10.875,0,0,0.0,0,0,0.0,0,0,0.0,0,0,0.0,2,0,0.4375,1,0,0.46875,17,0,5.78125,14,0,32,0
13,0,9.535714285714286,11,1,6.892857142857143,4.6875,-0.4288689394932135,0.84375,0,0,0.0,0,0,0.0,38,0,15.464285714285714,0,0,0.0,0,0,0.0,0,0,0.0,0,0,0.0,2,0,0.35714285714285715,1,0,0.39285714285714285,18,0,8.142857142857142,14,0,28,0
11,0,2.8043478260869565,10,1,3.652173913043478,10.0,-0.04034423828125,4.345788043478261,0,0,0.0,0,0,0.0,14,0,2.8260869565217392,0,0,0.0,0,0,0.0,0,0,0.0,0,0,0.0,3,0,0.6086956521739131,1,0,0.34782608695652173,10,0,1.9130434782608696,11,0,46,0
15,1,10.6,10,1,5.666666666666667,4.25,-0.4906463623046875,0.4123594919840495,0,0,0.0,0,0,0.0,36,1,14.533333333333333,0,0,0.0,0,0,0.0,0,0,0.0,0,0,0.0,2,0,0.23333333333333334,1,0,0.3333333333333333,18,1,7.566666666666666,16,0,30,0
10,0,3.784313725490196,14,1,5.196078431372549,10.0,-0.49168288707733154,3.5,0,0,0.0,0,0,0.0,25,0,4.352941176470588,0,0,0.0,0,0,0.0,0,0,0.0,0,0,0.0,2,0,0.45098039215686275,1,0,0.4117647058823529,13,0,2.607843137254902,10,0,51,0
14,0,6.954545454545454,10,1,3.5,9.0,-0.15625,2.2112747347736,0,0,0.0,0,0,0.0,26,0,8.181818181818182,0,0,0.0,0,0,0.0,0,0,0.0,0,0,0.0,2,0,0.45454545454545453,1,0,0.4090909090909091,13,0,4.454545454545454,15,0,22,0
10,0,3.2285714285714286,11,1,4.6571428571428575,7.5,-0.2665252685546875,3.382142857142857,0,0,0.0,0,0,0.0,16,0,2.6285714285714286,0,0,0.0,0,0,0.0,0,0,0.0,0,0,0.0,3,0,0.7714285714285715,1,0,0.3142857142857143,10,0,1.6857142857142857,11,0,35,0
14,0,7.653846153846154,12,1,4.346153846153846,5.0,-0.375,1.0192307692307694,0,0,0.0,0,0,0.0,43,0,15.038461538461538,0,0,0.0,0,0,0.0,0,0,0.0,0,0,0.0,2,0,0.5,1,0,0.34615384615384615,21,0,7.923076923076923,15,0,26,0
12,0,6.275862068965517,10,1,4.551724137931035,6.9375,-0.27001953125,2.349676724137931,0,0,0.0,0,0,0.0,24,0,5.9655172413793105,0,0,0.0,0,0,0.0,0,0,0.0,0,0,0.0,2,0,0.3448275862068966,1,0,0.4827586206896552,13,0,3.413793103448276,13,0,29,0
11,0,5.5476190476190474,12,1,6.119047619047619,7.0,0.0,2.6964285714285716,0,0,0.0,0,0,0.0,30,0,9.380952380952381,0,0,0.0,0,0,0.0,0,0,0.0,0,0,0.0,3,0,0.5,1,0,0.4523809523809524,18,0,5.023809523809524,11,0,42,0
14,0,7.1923076923076925,10,1,4.269230769230769,8.0,-0.36168479919433594,1.7940204326923077,0,0,0.0,0,0,0.0,21,0,5.923076923076923,0,0,0.0,0,0,0.0,0,0,0.0,0,0,0.0,2,0,0.6153846153846154,1,0,0.46153846153846156,12,0,3.6923076923076925,15,0,26,0
14,0,7.571428571428571,9,1,4.0476190476190474,10.0,-0.3508984185755253,1.2514576733866263,0,0,0.0,0,0,0.0,22,0,10.904761904761905,0,0,0.0,0,0,0.0,0,0,0.0,0,0,0.0,2,0,0.38095238095238093,1,0,0.3333333333333333,13,0,5.571428571428571,15,0,21,0
12,0,6.243243243243243,10,1,5.216216216216216,9.0,-0.3870868682861328,2.64527027027027,0,0,0.0,0,0,0.0,31,0,8.216216216216216,0,0,0.0,0,0,0.0,0,0,0.0,0,0,0.0,2,0,0.6216216216216216,1,0,0.2972972972972973,16,0,4.378378378378378,13,0,37,0
12,0,5.72093023255814,12,1,5.046511627906977,8.0,-0.19116473197937012,2.7209302325581395,0,0,0.0,0,0,0.0,34,0,8.325581395348838,0,0,0.0,0,0,0.0,0,0,0.0,0,0,0.0,2,0,0.3953488372093023,1,0,0.46511627906976744,19,0,4.534883720930233,12,0,43,0
15,2,8.666666666666666,9,1,5.0,4.501220703125,-0.125,1.5473225911458333,0,0,0.0,0,0,0.0,12,1,4.333333333333333,0,0,0.0,0,0,0.0,0,0,0.0,0,0,0.0,2,0,0.6666666666666666,1,0,0.16666666666666666,7,1,2.5,16,0,6,0
16,0,11.038461538461538,11,1,5.8076923076923075,9.0,-0.47198109794408083,0.8747019203773772,0,0,0.0,0,0,0.0,44,0,21.884615384615383,0,0,0.0,0,0,0.0,0,0,0.0,0,0,0.0,3,0,0.46153846153846156,1,0,0.3076923076923077,22,0,11.346153846153847,17,0,26,0
16,5,12.454545454545455,10,1,6.5,6.5,-0.4850425720214844,0.2521306818181818,0,0,0.0,0,0,0.0,42,1,13.363636363636363,0,0,0.0,0,0,0.0,0,0,0.0,0,0,0.0,1,0,0.13636363636363635,1,0,0.22727272727272727,20,0,7.2727272727272725,17,0,22,0
13,0,6.363636363636363,11,1,4.575757575757576,6.8828125,-0.38821293189539574,1.981830018939394,0,0,0.0,0,0,0.0,31,0,8.666666666666666,0,0,0.0,0,0,0.0,0,0,0.0,0,0,0.0,2,0,0.3333333333333333,1,0,0.5757575757575758,16,0,4.848484848484849,13,0,33,0
13,3,7.451612903225806,11,1,4.741935483870968,7.5,-0.2520742811029777,1.854608488659705,0,0,0.0,0,0,0.0,27,0,9.580645161290322,0,0,0.0,0,0,0.0,0,0,0.0,0,0,0.0,2,0,0.3548387096774194,1,0,0.41935483870967744,16,0,5.645161290322581,14,0,31,0
11,0,4.886363636363637,10,1,4.431818181818182,8.0,-0.4375,2.7345081676136362,0,0,0.0,0,0,0.0,26,0,8.068181818181818,0,0,0.0,0,0,0.0,0,0,0.0,0,0,0.0,2,0,0.4772727272727273,1,0,0.38636363636363635,15,0,4.545454545454546,12,0,44,0
18,7,11.375,10,1,3.375,4.06359788775444,-0.19011254608631134,1.7479822747409344,0,0,0.0,0,0,0.0,28,1,13.625,0,0,0.0,0,0,0.0,0,0,0.0,0,0,0.0,1,0,0.25,1,0,0.25,16,1,7.875,19,0,8,0
12,0,5.625,10,1,4.875,10.0,-0.25,2.2409261067708335,0,0,0.0,0,0,0.0,11,0,3.875,0,0,0.0,0,0,0.0,0,0,0.0,0,0,0.0,3,0,0.6666666666666666,1,0,0.375,6,0,2.2083333333333335,13,0,24,0
13,0,6.947368421052632,10,2,5.105263157894737,10.0,-0.057875871658325195,2.517012746710526,0,0,0.0,0,0,0.0,16,0,7.157894736842105,0,0,0.0,0,0,0.0,0,0,0.0,0,0,0.0,4,0,0.6842105263157895,1,0,0.2631578947368421,8,0,3.789473684210526,14,0,19,0
11,0,5.66,11,1,6.44,7.5,-0.4941669752843154,2.39,0,0,0.0,0,0,0.0,31,0,9.12,0,0,0.0,0,0,0.0,0,0,0.0,0,0,0.0,2,0,0.56,1,0,0.3,17,0,4.88,11,0,50,0
17,2,9.833333333333334,9,1,3.0833333333333335,4.072021484375,-0.37437272898387164,0.6680591075370709,0,0,0.0,0,0,0.0,28,3,14.75,0,0,0.0,0,0,0.0,0,0,0.0,0,0,0.0,3,0,0.25,1,0,0.3333333333333333,15,1,7.75,18,0,12,0
12,0,4.782608695652174,10,1,4.369565217391305,9.0,-0.125,3.201766304347826,0,0,0.0,0,0,0.0,23,0,7.391304347826087,0,0,0.0,0,0,0.0,0,0,0.0,0,0,0.0,3,0,0.5217391304347826,1,0,0.43478260869565216,11,0,4.173913043478261,12,0,46,0
11,0,5.414634146341464,13,1,5.097560975609756,9.0,-0.3577880859375,3.201219512195122,0,0,0.0,0,0,0.0,25,0,7.878048780487805,0,0,0.0,0,0,0.0,0,0,0.0,0,0,0.0,3,0,0.5121951219512195,1,0,0.36585365853658536,15,0,4.317073170731708,12,0,41,0
14,0,8.407407407407407,10,1,5.074074074074074,4.356414794921875,-0.2968961000442505,1.547884808646308,0,0,0.0,0,0,0.0,23,0,10.851851851851851,0,0,0.0,0,0,0.0,0,0,0.0,0,0,0.0,3,0,0.5185185185185185,1,0,0.48148148148148145,12,1,6.222222222222222,15,0,27,0
14,0,5.5,9,1,3.35,9.5,-0.4375,3.046000671386719,0,0,0.0,0,0,0.0,20,0,7.25,0,0,0.0,0,0,0.0,0,0,0.0,0,0,0.0,3,0,0.9,1,0,0.4,10,0,4.1,15,0,20,0
12,0,7.342105263157895,10,1,5.421052631578948,8.5,-0.48990631103515625,1.8026315789473684,0,0,0.0,0,0,0.0,22,0,9.368421052631579,0,0,0.0,0,0,0.0,0,0,0.0,0,0,0.0,2,0,0.3157894736842105,1,0,0.5263157894736842,13,0,5.421052631578948,13,0,38,0
16,4,10.482758620689655,10,1,4.275862068965517,5.0,-0.42772674560546875,1.1587160702409416,0,0,0.0,0,0,0.0,27,0,11.89655172413793,0,0,0.0,0,0,0.0,0,0,0.0,0,0,0.0,2,0,0.1724137931034483,1,0,0.5862068965517241,15,0,6.482758620689655,17,0,29,0
13,2,7.517241379310345,10,1,4.620689655172414,7.5,-0.375,1.6543252879175647,0,0,0.0,0,0,0.0,18,0,8.241379310344827,0,0,0.0,0,0,0.0,0,0,0.0,0,0,0.0,4,0,0.27586206896551724,1,0,0.4827586206896552,10,0,4.551724137931035,14,0,29,0
10,0,4.487179487179487,10,1,5.153846153846154,10.0,-0.458984375,2.8528645833333335,0,0,0.0,0,0,0.0,15,0,6.17948717948718,0,0,0.0,0,0,0.0,0,0,0.0,0,0,0.0,2,0,0.5128205128205128,1,0,0.38461538461538464,8,0,3.282051282051282,11,0,39,0
14,0,6.8076923076923075,10,1,3.8076923076923075,8.0,-0.4609375,2.1225157517653246,0,0,0.0,0,0,0.0,14,0,4.8076923076923075,0,0,0.0,0,0,0.0,0,0,0.0,0,0,0.0,2,0,0.5769230769230769,1,0,0.3076923076923077,9,0,3.0,15,0,26,0
12,0,4.862068965517241,9,1,3.9655172413793105,7.59375,-0.0849609375,3.1145765699189285,0,0,0.0,0,0,0.0,13,0,3.8275862068965516,0,0,0.0,0,0,0.0,0,0,0.0,0,0,0.0,2,0,0.6551724137931034,1,0,0.41379310344827586,8,0,2.310344827586207,13,0,29,0
11,0,5.382978723404255,14,1,5.0638297872340425,9.0,-0.38869622349739075,2.393617021276596,0,0,0.0,0,0,0.0,28,0,8.25531914893617,0,0,0.0,0,0,0.0,0,0,0.0,0,0,0.0,3,0,0.5106382978723404,1,0,0.3404255319148936,16,0,4.723404255319149,12,0,47,0
14,0,6.961538461538462,10,1,3.9615384615384617,7.25,-0.4057175815105438,2.1827674278846154,0,0,0.0,0,0,0.0,22,0,7.153846153846154,0,0,0.0,0,0,0.0,0,0,0.0,0,0,0.0,2,0,0.6153846153846154,1,0,0.4230769230769231,9,0,4.115384615384615,15,0,26,0
14,0,6.7727272727272725,10,1,3.3636363636363638,10.0,-0.25,2.6045698686079546,0,0,0.0,0,0,0.0,24,0,7.909090909090909,0,0,0.0,0,0,0.0,0,0,0.0,0,0,0.0,2,0,0.45454545454545453,1,0,0.5,11,0,4.136363636363637,15,0,22,0
13,0,6.84,10,1,4.64,6.9140625,-0.1271214485168457,2.0092578125,0,0,0.0,0,0,0.0,27,0,10.24,0,0,0.0,0,0,0.0,0,0,0.0,0,0,0.0,2,0,0.56,1,0,0.28,15,0,5.52,14,0,25,0
10,0,4.854166666666667,10,1,5.291666666666667,9.0,-0.46875,2.8020833333333335,0,0,0.0,0,0,0.0,38,0,8.583333333333334,0,0,0.0,0,0,0.0,0,0,0.0,0,0,0.0,2,0,0.4375,1,0,0.4375,18,0,4.75,11,0,48,0
14,0,6.863636363636363,11,1,4.2272727272727275,9.0,0.0,2.4146229137073862,0,0,0.0,0,0,0.0,31,0,11.590909090909092,0,0,0.0,0,0,0.0,0,0,0.0,0,0,0.0,3,0,0.7727272727272727,1,0,0.4090909090909091,15,0,6.181818181818182,15,0,22,0
13,0,5.966666666666667,9,1,3.7,10.0,-0.23046875,2.734394193440676,0,0,0.0,0,0,0.0,21,0,8.266666666666667,0,0,0.0,0,0,0.0,0,0,0.0,0,0,0.0,2,0,0.5333333333333333,1,0,0.5,11,0,4.8,14,0,30,0
11,0,5.363636363636363,11,1,5.0,10.0,-0.2698138477280736,2.278409090909091,0,0,0.0,0,0,0.0,33,0,7.9772727272727275,0,0,0.0,0,0,0.0,0,0,0.0,0,0,0.0,2,0,0.4772727272727273,1,0,0.38636363636363635,18,0,4.431818181818182,12,0,44,0
16,7,10.642857142857142,10,1,4.214285714285714,3.1225726564298384,-0.38442677671309866,0.9107658621422681,0,0,0.0,0,0,0.0,29,0,14.142857142857142,0,0,0.0,0,0,0.0,0,0,0.0,0,0,0.0,1,0,0.07142857142857142,1,0,0.5714285714285714,15,0,7.428571428571429,17,0,14,0
12,0,6.595238095238095,10,1,4.809523809523809,8.0,-0.484375,1.6547619047619047,0,0,0.0,0,0,0.0,28,0,7.190476190476191,0,0,0.0,0,0,0.0,0,0,0.0,0,0,0.0,2,0,0.3333333333333333,1,0,0.40476190476190477,15,0,4.0476190476190474,13,0,42,0
13,0,7.324324324324325,17,1,6.027027027027027,6.25,-0.434720441699028,2.0844594594594597,0,0,0.0,0,0,0.0,33,0,11.567567567567568,0,0,0.0,0,0,0.0,0,0,0.0,0,0,0.0,4,0,0.5135135135135135,1,0,0.43243243243243246,21,0,6.1891891891891895,13,0,37,0
13,0,7.32258064516129,10,1,4.774193548387097,7.5,-0.4736685051320819,1.9281123991935485,0,0,0.0,0,0,0.0,37,0,13.870967741935484,0,0,0.0,0,0,0.0,0,0,0.0,0,0,0.0,3,0,0.41935483870967744,1,0,0.45161290322580644,22,0,7.483870967741935,14,0,31,0
12,0,6.6,12,1,5.075,7.0,-0.4432373046875,2.1716064453125,0,0,0.0,0,0,0.0,32,0,11.5,0,0,0.0,0,0,0.0,0,0,0.0,0,0,0.0,2,0,0.45,1,0,0.45,17,0,6.35,13,0,40,0
12,0,5.384615384615385,9,1,4.076923076923077,7.0,-0.266845703125,2.7403846153846154,0,0,0.0,0,0,0.0,23,0,7.384615384615385,0,0,0.0,0,0,0.0,0,0,0.0,0,0,0.0,2,0,0.5,1,0,0.4230769230769231,13,1,4.3076923076923075,13,0,26,0
14,0,7.1923076923076925,12,1,4.269230769230769,5.03125,-0.4240158072207123,1.362188192514273,0,0,0.0,0,0,0.0,28,0,8.653846153846153,0,0,0.0,0,0,0.0,0,0,0.0,0,0,0.0,3,0,0.5769230769230769,1,0,0.3076923076923077,16,0,4.461538461538462,15,0,26,0
14,3,9.32258064516129,11,1,5.806451612903226,5.5,-0.47962217614986,1.2042241250315022,0,0,0.0,0,0,0.0,62,0,20.032258064516128,0,0,0.0,0,0,0.0,0,0,0.0,0,0,0.0,2,0,0.41935483870967744,1,0,0.41935483870967744,30,1,10.419354838709678,15,0,31,0
12,0,4.75,9,1,3.875,8.5,0.0,3.2587483723958335,0,0,0.0,0,0,0.0,15,0,4.875,0,0,0.0,0,0,0.0,0,0,0.0,0,0,0.0,2,0,0.6666666666666666,1,0,0.20833333333333334,9,0,3.0833333333333335,13,0,24,0
14,0,7.0476190476190474,10,1,3.3333333333333335,5.261070251464844,-0.20429229736328125,1.8617308480398995,0,0,0.0,0,0,0.0,17,0,9.714285714285714,0,0,0.0,0,0,0.0,0,0,0.0,0,0,0.0,2,0,0.38095238095238093,1,0,0.5714285714285714,10,0,5.285714285714286,15,0,21,0
11,0,4.487179487179487,10,1,4.333333333333333,9.5,-0.47052001953125,3.1804793920272436,0,0,0.0,0,0,0.0,31,0,6.6923076923076925,0,0,0.0,0,0,0.0,0,0,0.0,0,0,0.0,2,0,0.5641025641025641,1,0,0.358974358974359,15,0,3.6666666666666665,12,0,39,0
15,5,9.974358974358974,9,1,5.0256410256410255,4.0,-0.49624561531527434,0.5064102564102564,0,0,0.0,0,0,0.0,46,0,19.512820512820515,0,0,0.0,0,0,0.0,0,0,0.0,0,0,0.0,2,0,0.2564102564102564,1,0,0.4358974358974359,26,0,10.307692307692308,16,0,39,0
13,0,6.285714285714286,10,1,3.75,7.0,-0.2529144287109375,2.1073477608816966,0,0,0.0,0,0,0.0,17,0,7.107142857142857,0,0,0.0,0,0,0.0,0,0,0.0,0,0,0.0,2,0,0.42857142857142855,1,0,0.42857142857142855,10,0,3.9642857142857144,14,0,28,0
14,0,6.523809523809524,11,1,3.8095238095238093,5.5,-0.345489501953125,2.1012760344005765,0,0,0.0,0,0,0.0,20,0,5.9523809523809526,0,0,0.0,0,0,0.0,0,0,0.0,0,0,0.0,3,0,0.7142857142857143,1,0,0.5238095238095238,11,0,3.5714285714285716,15,0,21,0
18,7,12.375,10,2,4.8125,2.3678408936830238,-0.4875131377834576,0.09375,0,0,0.0,0,0,0.0,50,0,20.625,0,0,0.0,0,0,0.0,0,0,0.0,0,0,0.0,2,0,0.3125,1,0,0.1875,25,0,11.0,19,0,16,0
13,0,7.538461538461538,10,1,5.0,7.0,-0.42809295654296875,1.4976894308168154,0,0,0.0,0,0,0.0,26,0,9.346153846153847,0,0,0.0,0,0,0.0,0,0,0.0,0,0,0.0,2,0,0.38461538461538464,1,0,0.4230769230769231,15,0,5.0,14,0,26,0
15,0,10.76923076923077,10,1,6.076923076923077,7.0,-0.3547191619873047,0.834932976617263,0,0,0.0,0,0,0.0,41,0,16.384615384615383,0,0,0.0,0,0,0.0,0,0,0.0,0,0,0.0,4,0,0.2692307692307692,1,0,0.3076923076923077,21,0,8.538461538461538,16,0,26,0
12,0,5.0606060606060606,9,1,3.606060606060606,9.0,0.0,3.3410810990767046,0,0,0.0,0,0,0.0,25,0,5.515151515151516,0,0,0.0,0,0,0.0,0,0,0.0,0,0,0.0,3,0,0.48484848484848486,1,0,0.5454545454545454,13,0,3.1818181818181817,13,0,33,0
13,0,7.525,10,1,4.825,6.5,-0.4453125,1.3782669067382813,0,0,0.0,0,0,0.0,35,0,12.425,0,0,0.0,0,0,0.0,0,0,0.0,0,0,0.0,2,0,0.35,1,0,0.375,18,0,6.775,14,0,40,0
14,3,8.833333333333334,10,1,5.416666666666667,4.75616455078125,-0.27175186804379337,1.179093026080712,0,0,0.0,0,0,0.0,38,2,14.75,0,0,0.0,0,0,0.0,0,0,0.0,0,0,0.0,2,0,0.4166666666666667,1,0,0.375,20,2,8.0,15,0,24,0
12,0,4.538461538461538,10,1,3.6923076923076925,9.0,-0.4375,3.3221341646634617,0,0,0.0,0,0,0.0,16,0,6.115384615384615,0,0,0.0,0,0,0.0,0,0,0.0,0,0,0.0,3,0,0.6923076923076923,1,0,0.4230769230769231,8,0,3.3076923076923075,13,0,26,0
13,0,8.125,10,1,5.75,7.0,-0.3310546875,1.324493408203125,0,0,0.0,0,0,0.0,38,0,12.6,0,0,0.0,0,0,0.0,0,0,0.0,0,0,0.0,3,0,0.45,1,0,0.325,20,0,6.85,14,0,40,0
10,0,4.808510638297872,13,1,5.48936170212766,9.0,-0.25,2.893617021276596,0,0,0.0,0,0,0.0,27,0,6.425531914893617,0,0,0.0,0,0,0.0,0,0,0.0,0,0,0.0,2,0,0.5106382978723404,1,0,0.3404255319148936,15,0,3.6595744680851063,11,0,47,0
13,0,7.892857142857143,10,1,5.321428571428571,7.0,-0.4267578125,1.6646205357142858,0,0,0.0,0,0,0.0,21,0,7.321428571428571,0,0,0.0,0,0,0.0,0,0,0.0,0,0,0.0,2,0,0.39285714285714285,1,0,0.35714285714285715,10,0,3.9285714285714284,14,0,28,0
14,0,8.555555555555555,10,1,4.962962962962963,6.0,-0.46875,1.9463252314814814,0,0,0.0,0,0,0.0,33,0,10.666666666666666,0,0,0.0,0,0,0.0,0,0,0.0,0,0,0.0,2,0,0.37037037037037035,1,0,0.4074074074074074,18,0,5.555555555555555,15,0,27,0
11,0,5.043478260869565,10,1,4.891304347826087,10.0,-0.30736541748046875,3.06640625,0,0,0.0,0,0,0.0,25,0,8.478260869565217,0,0,0.0,0,0,0.0,0,0,0.0,0,0,0.0,2,0,0.5652173913043478,1,0,0.2608695652173913,12,0,4.521739130434782,12,0,46,0
9,0,3.0,13,1,5.6,10.0,0.0,4.081818181818182,0,0,0.0,0,0,0.0,17,0,3.4909090909090907,0,0,0.0,0,0,0.0,0,0,0.0,0,0,0.0,4,0,0.5272727272727272,1,0,0.36363636363636365,11,0,2.272727272727273,9,0,55,0
15,4,11.714285714285714,13,1,6.666666666666667,4.875,-0.3964641751954332,0.6734851655505952,0,0,0.0,0,0,0.0,41,1,17.142857142857142,0,0,0.0,0,0,0.0,0,0,0.0,0,0,0.0,2,0,0.19047619047619047,1,0,0.2857142857142857,22,0,8.904761904761905,16,0,21,0
14,0,8.148148148148149,13,1,5.148148148148148,7.25,-0.161773681640625,2.669959721741853,0,0,0.0,0,0,0.0,24,0,11.037037037037036,0,0,0.0,0,0,0.0,0,0,0.0,0,0,0.0,3,0,0.6296296296296297,1,0,0.4074074074074074,12,0,5.7407407407407405,15,0,27,0
17,6,10.6,10,1,3.5,3.25,-0.396484375,0.639637804031372,0,0,0.0,0,0,0.0,16,0,6.9,0,0,0.0,0,0,0.0,0,0,0.0,0,0,0.0,1,0,0.1,1,0,0.4,10,0,3.6,18,0,10,0
14,1,7.066666666666666,12,1,3.7333333333333334,8.5,0.0,2.673942057291667,0,0,0.0,0,0,0.0,22,0,8.0,0,0,0.0,0,0,0.0,0,0,0.0,0,0,0.0,4,0,0.5333333333333333,1,0,0.36666666666666664,13,0,4.4,15,0,30,0
14,0,11.108108108108109,12,1,7.135135135135135,4.0,-0.480076544879239,0.12837837837837837,0,0,0.0,0,0,0.0,38,0,18.864864864864863,0,0,0.0,0,0,0.0,0,0,0.0,0,0,0.0,2,0,0.21621621621621623,1,0,0.35135135135135137,18,0,9.837837837837839,15,0,37,0
14,0,8.166666666666666,10,1,4.875,3.59375,-0.46923577785491943,1.0209757486979167,0,0,0.0,0,0,0.0,35,0,11.708333333333334,0,0,0.0,0,0,0.0,0,0,0.0,0,0,0.0,3,0,0.4583333333333333,1,0,0.25,21,0,6.416666666666667,15,0,24,0
12,1,6.333333333333333,11,1,5.2727272727272725,5.78125,-0.4162715666461736,1.524383544921875,0,0,0.0,0,0,0.0,32,0,10.696969696969697,0,0,0.0,0,0,0.0,0,0,0.0,0,0,0.0,3,0,0.5757575757575758,1,0,0.24242424242424243,17,0,5.666666666666667,13,0,33,0
12,0,6.761904761904762,15,1,5.690476190476191,8.0,-0.12680607044603676,2.078125,0,0,0.0,0,0,0.0,26,0,11.619047619047619,0,0,0.0,0,0,0.0,0,0,0.0,0,0,0.0,4,0,0.6190476190476191,1,0,0.2857142857142857,14,0,6.309523809523809,13,0,42,0
10,0,4.277777777777778,10,1,4.611111111111111,10.0,-0.361328125,3.6909722222222223,0,0,0.0,0,0,0.0,14,0,4.305555555555555,0,0,0.0,0,0,0.0,0,0,0.0,0,0,0.0,2,0,0.4166666666666667,1,0,0.5555555555555556,9,0,2.5833333333333335,11,0,36,0
17,1,10.076923076923077,10,1,4.3076923076923075,4.875,-0.35498046875,0.8578838789086201,0,0,0.0,0,0,0.0,34,2,15.76923076923077,0,0,0.0,0,0,0.0,0,0,0.0,0,0,0.0,3,0,0.6153846153846154,1,0,0.3076923076923077,20,1,8.23076923076923,18,0,13,0
15,0,10.375,10,2,6.125,9.0,-0.47265625,1.1654997766017914,0,0,0.0,0,0,0.0,23,0,9.375,0,0,0.0,0,0,0.0,0,0,0.0,0,0,0.0,3,0,0.375,1,0,0.25,14,0,5.4375,16,0,16,0
13,0,6.628571428571429,11,1,5.457142857142857,8.5,-0.25,2.3958426339285714,0,0,0.0,0,0,0.0,32,0,11.342857142857143,0,0,0.0,0,0,0.0,0,0,0.0,0,0,0.0,2,0,0.5714285714285714,1,0,0.4,18,0,6.114285714285714,13,0,35,0
13,2,8.179487179487179,11,1,5.358974358974359,7.0,-0.4337935447692871,1.4528730343549678,0,0,0.0,0,0,0.0,51,0,14.35897435897436,0,0,0.0,0,0,0.0,0,0,0.0,0,0,0.0,2,0,0.3076923076923077,1,0,0.46153846153846156,27,0,7.846153846153846,14,0,39,0
15,0,8.08695652173913,11,1,4.086956521739131,10.0,-0.2080078125,2.832691223334025,0,0,0.0,0,0,0.0,34,0,13.826086956521738,0,0,0.0,0,0,0.0,0,0,0.0,0,0,0.0,3,0,0.6521739130434783,1,0,0.2608695652173913,18,0,7.260869565217392,16,0,23,0
12,0,6.358974358974359,10,1,5.3076923076923075,10.0,-0.26597510650753975,1.9413999899839745,0,0,0.0,0,0,0.0,25,0,10.23076923076923,0,0,0.0,0,0,0.0,0,0,0.0,0,0,0.0,3,0,0.5897435897435898,1,0,0.28205128205128205,13,0,5.512820512820513,13,0,39,0
13,0,6.444444444444445,9,1,4.111111111111111,6.5,-0.46875,2.803151731137876,0,0,0.0,0,0,0.0,22,0,7.222222222222222,0,0,0.0,0,0,0.0,0,0,0.0,0,0,0.0,3,0,0.5185185185185185,1,0,0.4074074074074074,13,0,3.962962962962963,14,0,27,0
16,2,10.0625,10,1,4.9375,4.041311264038086,-0.2736625671386719,1.2986669540405273,0,0,0.0,0,0,0.0,18,0,9.25,0,0,0.0,0,0,0.0,0,0,0.0,0,0,0.0,2,0,0.5625,1,0,0.1875,9,0,4.9375,17,0,16,0
13,1,8.975609756097562,11,1,6.341463414634147,4.015625,-0.4183783431071788,0.9934260670731709,0,0,0.0,0,0,0.0,32,2,15.414634146341463,0,0,0.0,0,0,0.0,0,0,0.0,0,0,0.0,2,0,0.34146341463414637,1,0,0.2926829268292683,17,1,8.341463414634147,14,0,41,0
14,0,7.137931034482759,10,1,4.517241379310345,10.0,-0.418060302734375,2.5432465637457993,0,0,0.0,0,0,0.0,21,0,8.827586206896552,0,0,0.0,0,0,0.0,0,0,0.0,0,0,0.0,2,0,0.7586206896551724,1,0,0.3448275862068966,12,0,4.896551724137931,15,0,29,0
16,1,9.590909090909092,12,1,5.045454545454546,5.921875,-0.4931483864784241,1.7358981045809658,0,0,0.0,0,0,0.0,29,0,15.0,0,0,0.0,0,0,0.0,0,0,0.0,0,0,0.0,2,0,0.45454545454545453,1,0,0.5,16,0,7.818181818181818,16,0,22,0
13,0,6.296296296296297,9,1,4.333333333333333,7.75,-0.49540623610664625,2.056358054832176,0,0,0.0,0,0,0.0,33,0,11.37037037037037,0,0,0.0,0,0,0.0,0,0,0.0,0,0,0.0,2,0,0.6296296296296297,1,0,0.25925925925925924,18,0,6.148148148148148,14,0,27,0
16,0,6.333333333333333,10,1,2.5,5.5,0.0,2.5809869358706785,0,0,0.0,0,0,0.0,22,0,6.666666666666667,0,0,0.0,0,0,0.0,0,0,0.0,0,0,0.0,3,0,1.0,1,0,0.25,11,0,3.3333333333333335,17,0,12,0
16,5,8.11111111111111,10,1,2.4444444444444446,3.4881508350372314,-0.13905000686645508,0.894723912080129,0,0,0.0,0,0,0.0,27,0,11.444444444444445,0,0,0.0,0,0,0.0,0,0,0.0,0,0,0.0,2,0,0.3888888888888889,1,0,0.5555555555555556,14,0,6.277777777777778,17,0,18,0
16,0,9.8,10,1,4.266666666666667,2.0,-0.3495084308087826,0.3307426258921623,0,0,0.0,0,0,0.0,22,0,8.266666666666667,0,0,0.0,0,0,0.0,0,0,0.0,0,0,0.0,4,0,0.3333333333333333,1,0,0.26666666666666666,13,0,4.733333333333333,17,0,15,0
16,2,8.722222222222221,10,1,2.9444444444444446,6.75,0.0,2.6944444444444446,0,0,0.0,0,0,0.0,18,1,8.722222222222221,0,0,0.0,0,0,0.0,0,0,0.0,0,0,0.0,2,0,0.3888888888888889,1,0,0.4444444444444444,10,0,4.722222222222222,17,0,18,0
14,1,7.914285714285715,9,1,4.8,7.0,-0.49865299207158387,2.0909877232142855,0,0,0.0,0,0,0.0,35,0,15.885714285714286,0,0,0.0,0,0,0.0,0,0,0.0,0,0,0.0,2,0,0.5714285714285714,1,0,0.2857142857142857,19,0,8.457142857142857,15,0,35,0
14,2,9.193548387096774,10,1,5.225806451612903,7.5,-0.34094271103886564,1.002016129032258,0,0,0.0,0,0,0.0,33,0,14.67741935483871,0,0,0.0,0,0,0.0,0,0,0.0,0,0,0.0,2,0,0.22580645161290322,1,0,0.3548387096774194,17,0,7.838709677419355,15,0,31,0
14,4,9.552631578947368,13,1,6.131578947368421,2.633087158203125,-0.4243921028230133,0.627048693205181,0,0,0.0,0,0,0.0,38,0,18.789473684210527,0,0,0.0,0,0,0.0,0,0,0.0,0,0,0.0,2,0,0.42105263157894735,1,0,0.2894736842105263,21,0,9.631578947368421,15,0,38,0
14,1,8.833333333333334,10,1,5.0,4.3125,-0.36328125,1.2201904296875,0,0,0.0,0,0,0.0,33,0,10.7,0,0,0.0,0,0,0.0,0,0,0.0,0,0,0.0,2,0,0.3,1,0,0.4,18,1,5.7,15,0,30,0
12,0,4.72,10,1,4.04,9.0,-0.06640625,3.523828125,0,0,0.0,0,0,0.0,24,0,4.68,0,0,0.0,0,0,0.0,0,0,0.0,0,0,0.0,2,0,0.72,1,0,0.32,16,0,2.72,13,0,25,0
9,0,3.2181818181818183,11,1,5.4363636363636365,8.5,0.0,3.3181818181818183,0,0,0.0,0,0,0.0,17,0,3.5636363636363635,0,0,0.0,0,0,0.0,0,0,0.0,0,0,0.0,2,0,0.4,1,0,0.4909090909090909,9,0,2.1818181818181817,9,0,55,0
12,0,5.148148148148148,12,1,4.592592592592593,8.046875,-0.19495034217834473,3.6145833333333335,0,0,0.0,0,0,0.0,18,0,6.296296296296297,0,0,0.0,0,0,0.0,0,0,0.0,0,0,0.0,3,0,0.7777777777777778,1,0,0.2962962962962963,12,0,3.4444444444444446,13,0,27,0
14,2,8.272727272727273,10,1,4.818181818181818,4.2177734375,-0.4134063720703125,1.1754483309659092,0,0,0.0,0,0,0.0,35,3,14.090909090909092,0,0,0.0,0,0,0.0,0,0,0.0,0,0,0.0,2,0,0.4090909090909091,1,0,0.4090909090909091,21,1,7.590909090909091,15,0,22,0
12,0,6.5813953488372094,9,1,4.906976744186046,9.0,-0.4378662109375,1.557049418604651,0,0,0.0,0,0,0.0,43,0,11.651162790697674,0,0,0.0,0,0,0.0,0,0,0.0,0,0,0.0,2,0,0.37209302325581395,1,0,0.4418604651162791,23,0,6.5813953488372094,13,0,43,0
13,0,8.432432432432432,10,1,5.864864864864865,9.0,-0.3585968017578125,1.162162162162162,0,0,0.0,0,0,0.0,39,0,14.108108108108109,0,0,0.0,0,0,0.0,0,0,0.0,0,0,0.0,3,0,0.3783783783783784,1,0,0.35135135135135137,22,0,7.378378378378378,14,0,37,0
14,0,7.45,10,1,4.1,6.5,-0.41212090477347374,2.451588821411133,0,0,0.0,0,0,0.0,21,1,8.9,0,0,0.0,0,0,0.0,0,0,0.0,0,0,0.0,2,0,0.45,1,0,0.35,10,0,4.9,15,0,20,0
15,2,7.315789473684211,10,1,3.6842105263157894,8.0,-0.375,2.5468252081620064,0,0,0.0,0,0,0.0,18,0,8.789473684210526,0,0,0.0,0,0,0.0,0,0,0.0,0,0,0.0,2,0,0.7368421052631579,1,0,0.21052631578947367,9,0,4.842105263157895,16,0,19,0
15,1,7.95,10,1,3.85,5.5,-0.1875,1.6361160278320312,0,0,0.0,0,0,0.0,21,0,9.8,0,0,0.0,0,0,0.0,0,0,0.0,0,0,0.0,2,0,0.55,1,0,0.3,11,0,5.45,16,0,20,0
15,3,7.0,11,1,3.730769230769231,4.375,-0.23355484008789062,1.5763099193572998,0,0,0.0,0,0,0.0,21,0,9.538461538461538,0,0,0.0,0,0,0.0,0,0,0.0,0,0,0.0,2,0,0.5384615384615384,1,0,0.4230769230769231,11,0,5.3076923076923075,15,0,26,0
16,0,11.384615384615385,10,1,6.461538461538462,10.0,-0.4959256989441201,1.533431860116812,0,0,0.0,0,0,0.0,42,0,16.923076923076923,0,0,0.0,0,0,0.0,0,0,0.0,0,0,0.0,3,0,0.46153846153846156,1,0,0.07692307692307693,22,0,8.923076923076923,17,0,13,0
13,0,5.241379310344827,9,1,3.1379310344827585,5.5,0.0,2.274834994612069,0,0,0.0,0,0,0.0,16,0,6.344827586206897,0,0,0.0,0,0,0.0,0,0,0.0,0,0,0.0,2,0,0.5862068965517241,1,0,0.3448275862068966,10,0,3.586206896551724,14,0,29,0
15,2,7.666666666666667,9,1,3.7222222222222223,4.306640625,0.0,1.840888101879197,0,0,0.0,0,0,0.0,25,0,14.11111111111111,0,0,0.0,0,0,0.0,0,0,0.0,0,0,0.0,2,0,0.6666666666666666,1,0,0.3888888888888889,13,0,7.388888888888889,16,0,18,0
12,0,5.0,9,1,4.185185185185185,7.515625,-0.25,2.3677662037037037,0,0,0.0,0,0,0.0,13,0,4.111111111111111,0,0,0.0,0,0,0.0,0,0,0.0,0,0,0.0,2,0,0.6666666666666666,1,0,0.14814814814814814,7,0,2.4814814814814814,13,0,27,0
11,0,4.4222222222222225,12,1,3.977777777777778,10.0,-0.09375,3.2285590277777776,0,0,0.0,0,0,0.0,30,0,6.266666666666667,0,0,0.0,0,0,0.0,0,0,0.0,0,0,0.0,3,0,0.4888888888888889,1,0,0.4222222222222222,16,0,3.7111111111111112,12,0,45,0
20,8,14.0,10,2,4.8,0.0,-0.2851831614971161,-0.08145069479942321,0,0,0.0,0,0,0.0,22,0,12.0,0,0,0.0,0,0,0.0,0,0,0.0,0,0,0.0,2,0,0.4,1,0,0.4,12,0,6.4,21,0,5,0
14,2,9.678571428571429,11,1,6.178571428571429,4.375,-0.4198711142062166,0.6317487444196429,0,0,0.0,0,0,0.0,38,2,15.714285714285714,0,0,0.0,0,0,0.0,0,0,0.0,0,0,0.0,4,0,0.39285714285714285,1,0,0.32142857142857145,19,1,8.5,15,0,28,0
14,0,8.777777777777779,11,1,4.62962962962963,3.7033365964889526,-0.21934403013437986,1.1067641664434362,0,0,0.0,0,0,0.0,24,1,11.851851851851851,0,0,0.0,0,0,0.0,0,0,0.0,0,0,0.0,2,0,0.2222222222222222,1,0,0.6296296296296297,14,0,6.2592592592592595,15,0,27,0
13,0,8.166666666666666,11,1,5.766666666666667,4.267534404993057,-0.4763812761908639,1.49514057134899,0,0,0.0,0,0,0.0,30,0,12.333333333333334,0,0,0.0,0,0,0.0,0,0,0.0,0,0,0.0,2,0,0.43333333333333335,1,0,0.36666666666666664,17,0,6.666666666666667,14,0,30,0
17,4,8.777777777777779,10,1,3.0,4.731825828552246,-0.25,1.894164916301457,0,0,0.0,0,0,0.0,30,5,17.444444444444443,0,0,0.0,0,0,0.0,0,0,0.0,0,0,0.0,2,0,0.6666666666666666,1,0,0.2222222222222222,16,2,8.88888888888889,18,0,9,0
13,1,7.413793103448276,9,1,4.620689655172414,5.25,-0.46875,1.9903396080280173,0,0,0.0,0,0,0.0,22,0,9.448275862068966,0,0,0.0,0,0,0.0,0,0,0.0,0,0,0.0,2,0,0.3448275862068966,1,0,0.5172413793103449,12,0,5.379310344827586,14,0,29,0
16,1,8.363636363636363,12,1,4.909090909090909,4.56506634503603,-0.4375,1.6490124254064127,0,0,0.0,0,0,0.0,20,0,9.727272727272727,0,0,0.0,0,0,0.0,0,0,0.0,0,0,0.0,2,0,0.7272727272727273,1,0,0.18181818181818182,10,0,4.909090909090909,16,0,11,0
13,0,6.368421052631579,10,1,4.2368421052631575,8.25,-0.2216796875,2.6546052631578947,0,0,0.0,0,0,0.0,30,0,11.105263157894736,0,0,0.0,0,0,0.0,0,0,0.0,0,0,0.0,3,0,0.5789473684210527,1,0,0.3684210526315789,16,0,6.157894736842105,14,0,38,0
17,0,9.4375,10,1,3.25,9.0,-0.4867334314621985,1.7884609620887204,0,0,0.0,0,0,0.0,24,0,12.0625,0,0,0.0,0,0,0.0,0,0,0.0,0,0,0.0,3,0,0.5,1,0,0.375,15,2,7.375,18,0,16,0
14,0,6.9,10,1,4.566666666666666,8.0,-0.4375,1.8452710469563802,0,0,0.0,0,0,0.0,32,0,8.7,0,0,0.0,0,0,0.0,0,0,0.0,0,0,0.0,2,0,0.5,1,0,0.36666666666666664,17,0,4.8,14,0,30,0
15,3,9.444444444444445,10,1,4.296296296296297,4.75,-0.4250843973061944,0.4655671296296297,0,0,0.0,0,0,0.0,35,0,16.814814814814813,0,0,0.0,0,0,0.0,0,0,0.0,0,0,0.0,1,0,0.1111111111111111,1,0,0.2962962962962963,20,0,8.777777777777779,16,0,27,0
13,0,7.34375,10,1,5.0,9.0,-0.3125,1.8624267578125,0,0,0.0,0,0,0.0,30,0,8.40625,0,0,0.0,0,0,0.0,0,0,0.0,0,0,0.0,2,0,0.5,1,0,0.5,14,0,4.59375,14,0,32,0
16,0,10.565217391304348,10,1,4.695652173913044,4.0,-0.46093177795410156,0.944744714839465,0,0,0.0,0,0,0.0,60,0,20.043478260869566,0,0,0.0,0,0,0.0,0,0,0.0,0,0,0.0,3,0,0.2608695652173913,1,0,0.43478260869565216,32,0,10.478260869565217,17,0,23,0
13,0,5.466666666666667,9,1,3.433333333333333,7.71875,-0.43579673767089844,2.8275606473286947,0,0,0.0,0,0,0.0,43,0,13.1,0,0,0.0,0,0,0.0,0,0,0.0,0,0,0.0,3,0,0.6333333333333333,1,0,0.36666666666666664,23,0,6.933333333333334,14,0,30,0
17,3,10.346153846153847,10,1,3.769230769230769,5.989013671875,-0.42574310302734375,0.7374643179086539,0,0,0.0,0,0,0.0,38,0,18.96153846153846,0,0,0.0,0,0,0.0,0,0,0.0,0,0,0.0,2,0,0.38461538461538464,1,0,0.38461538461538464,21,0,10.076923076923077,18,0,26,0
16,1,10.777777777777779,9,1,5.222222222222222,5.0625,-0.4104447364807129,0.8260090351104736,0,0,0.0,0,0,0.0,35,2,14.055555555555555,0,0,0.0,0,0,0.0,0,0,0.0,0,0,0.0,3,0,0.3333333333333333,1,0,0.4444444444444444,22,1,7.666666666666667,17,0,18,0
18,7,14.777777777777779,10,1,6.777777777777778,4.421875,-0.4375,0.7612847222222222,0,0,0.0,0,0,0.0,36,0,12.777777777777779,0,0,0.0,0,0,0.0,0,0,0.0,0,0,0.0,1,0,0.1111111111111111,1,0,0.1111111111111111,19,0,6.888888888888889,19,0,9,0
14,0,6.9393939393939394,10,1,3.909090909090909,7.0,-0.328125,1.8812736742424243,0,0,0.0,0,0,0.0,29,0,10.151515151515152,0,0,0.0,0,0,0.0,0,0,0.0,0,0,0.0,2,0,0.6060606060606061,1,0,0.24242424242424243,15,0,5.424242424242424,15,0,33,0
13,0,7.178571428571429,12,1,5.428571428571429,10.0,-0.46875,2.8094308035714284,0,0,0.0,0,0,0.0,29,0,8.392857142857142,0,0,0.0,0,0,0.0,0,0,0.0,0,0,0.0,2,0,0.7142857142857143,1,0,0.32142857142857145,15,0,4.678571428571429,14,0,28,0
11,0,5.545454545454546,12,1,5.568181818181818,9.5,-0.35430316627025604,2.1097301136363638,0,0,0.0,0,0,0.0,24,0,10.704545454545455,0,0,0.0,0,0,0.0,0,0,0.0,0,0,0.0,4,0,0.6363636363636364,1,0,0.29545454545454547,14,0,5.7727272727272725,12,0,44,0
12,0,5.644444444444445,10,1,5.0,8.5,-0.3689841032028198,2.5025115966796876,0,0,0.0,0,0,0.0,26,0,8.422222222222222,0,0,0.0,0,0,0.0,0,0,0.0,0,0,0.0,3,0,0.4,1,0,0.4222222222222222,15,0,4.711111111111111,12,0,45,0
11,0,4.428571428571429,12,1,4.142857142857143,6.5625,-0.443359375,2.9149925595238093,0,0,0.0,0,0,0.0,15,0,4.785714285714286,0,0,0.0,0,0,0.0,0,0,0.0,0,0,0.0,3,0,0.5476190476190477,1,0,0.40476190476190477,9,0,2.857142857142857,12,0,42,0
18,6,10.866666666666667,10,1,3.933333333333333,2.981689453125,-0.4940876145847142,0.38066215317036645,0,0,0.0,0,0,0.0,46,0,19.0,0,0,0.0,0,0,0.0,0,0,0.0,0,0,0.0,2,0,0.6,1,0,0.2,23,0,9.866666666666667,19,0,15,0
14,0,7.290322580645161,10,1,3.806451612903226,6.25,-0.47790050506591797,1.7104908112556703,0,0,0.0,0,0,0.0,33,0,11.709677419354838,0,0,0.0,0,0,0.0,0,0,0.0,0,0,0.0,3,0,0.41935483870967744,1,0,0.3870967741935484,17,0,6.225806451612903,15,0,31,0
13,2,9.31578947368421,11,1,6.342105263157895,7.75,-0.442962646484375,0.7709703947368421,0,0,0.0,0,0,0.0,54,1,19.763157894736842,0,0,0.0,0,0,0.0,0,0,0.0,0,0,0.0,1,0,0.21052631578947367,1,0,0.39473684210526316,27,1,10.263157894736842,14,0,38,0
16,0,8.80952380952381,10,1,3.0476190476190474,3.5448341369628906,-0.394775390625,0.7044885300617969,0,0,0.0,0,0,0.0,32,0,13.80952380952381,0,0,0.0,0,0,0.0,0,0,0.0,0,0,0.0,3,0,0.2857142857142857,1,0,0.42857142857142855,16,0,7.095238095238095,17,0,21,0
15,0,7.586206896551724,10,1,3.689655172413793,7.0,-0.40625,2.2427306565745124,0,0,0.0,0,0,0.0,25,0,10.586206896551724,0,0,0.0,0,0,0.0,0,0,0.0,0,0,0.0,4,0,0.6551724137931034,1,0,0.3448275862068966,14,0,5.724137931034483,16,0,29,0
16,8,12.1,9,1,5.4,4.34375,-0.36898040771484375,0.87890625,0,0,0.0,0,0,0.0,21,2,11.8,0,0,0.0,0,0,0.0,0,0,0.0,0,0,0.0,0,0,0.0,1,0,0.5,11,2,6.5,17,0,10,0
12,1,6.285714285714286,10,1,4.785714285714286,4.6640625,-0.48724365234375,1.9234095982142858,0,0,0.0,0,0,0.0,15,0,8.321428571428571,0,0,0.0,0,0,0.0,0,0,0.0,0,0,0.0,2,0,0.4642857142857143,1,0,0.4642857142857143,8,0,4.642857142857143,13,0,28,0
14,0,6.875,10,1,3.7083333333333335,9.0,-0.2852303981781006,2.8305625915527344,0,0,0.0,0,0,0.0,19,0,8.375,0,0,0.0,0,0,0.0,0,0,0.0,0,0,0.0,2,0,0.5833333333333334,1,0,0.2916666666666667,9,0,4.666666666666667,15,0,24,0
14,0,8.142857142857142,12,1,4.714285714285714,8.0,-0.3125,2.1276845114571707,0,0,0.0,0,0,0.0,41,0,13.571428571428571,0,0,0.0,0,0,0.0,0,0,0.0,0,0,0.0,2,0,0.4857142857142857,1,0,0.37142857142857144,23,0,7.114285714285714,15,0,35,0
7,0,2.8181818181818183,13,2,6.127272727272727,10.0,-0.25,4.718181818181818,0,0,0.0,0,0,0.0,14,0,3.6363636363636362,0,0,0.0,0,0,0.0,0,0,0.0,0,0,0.0,2,0,0.41818181818181815,1,0,0.43636363636363634,8,0,2.0545454545454547,8,0,55,0
17,6,12.0,10,1,5.153846153846154,3.75,-0.4204852283000946,1.1111778846153846,0,0,0.0,0,0,0.0,30,6,14.538461538461538,0,0,0.0,0,0,0.0,0,0,0.0,0,0,0.0,2,0,0.23076923076923078,1,0,0.23076923076923078,17,3,8.692307692307692,18,0,13,0
13,0,6.1875,9,1,4.0625,6.0,-0.1942755290074274,2.4778647422790527,0,0,0.0,0,0,0.0,28,0,8.1875,0,0,0.0,0,0,0.0,0,0,0.0,0,0,0.0,2,0,0.59375,1,0,0.34375,16,0,4.34375,14,0,32,0
16,0,9.96,9,1,4.2,4.527303695678711,-0.43663957445824053,1.1548421344161033,0,0,0.0,0,0,0.0,38,0,13.08,0,0,0.0,0,0,0.0,0,0,0.0,0,0,0.0,3,0,0.36,1,0,0.48,20,0,7.32,17,0,25,0
16,6,8.454545454545455,10,1,2.5454545454545454,2.71826171875,-0.25,0.8731141523881392,0,0,0.0,0,0,0.0,15,0,7.545454545454546,0,0,0.0,0,0,0.0,0,0,0.0,0,0,0.0,1,0,0.2727272727272727,1,0,0.36363636363636365,11,1,4.7272727272727275,17,0,11,0
11,0,5.295454545454546,9,1,4.75,10.0,-0.385140273720026,2.9204545454545454,0,0,0.0,0,0,0.0,23,0,8.022727272727273,0,0,0.0,0,0,0.0,0,0,0.0,0,0,0.0,2,0,0.4318181818181818,1,0,0.38636363636363635,13,0,4.340909090909091,12,0,44,0
13,0,9.909090909090908,10,2,6.696969696969697,4.203125,-0.3775606881827116,0.7788825757575759,0,0,0.0,0,0,0.0,56,0,23.03030303030303,0,0,0.0,0,0,0.0,0,0,0.0,0,0,0.0,2,0,0.15151515151515152,1,0,0.5454545454545454,29,0,12.090909090909092,14,0,33,0
13,0,6.151515151515151,9,1,3.909090909090909,5.5625,-0.27623558044433594,1.6049360795454546,0,0,0.0,0,0,0.0,22,0,8.333333333333334,0,0,0.0,0,0,0.0,0,0,0.0,0,0,0.0,2,0,0.5454545454545454,1,0,0.42424242424242425,12,0,4.606060606060606,14,0,33,0
13,0,7.086956521739131,9,1,4.565217391304348,4.46875,-0.23046875,1.0835597826086956,0,0,0.0,0,0,0.0,23,0,6.434782608695652,0,0,0.0,0,0,0.0,0,0,0.0,0,0,0.0,2,0,0.391304347826087,1,0,0.30434782608695654,13,0,3.5652173913043477,14,0,23,0
13,0,7.04,10,2,5.0,6.5,-0.2939453125,2.0575,0,0,0.0,0,0,0.0,24,0,9.6,0,0,0.0,0,0,0.0,0,0,0.0,0,0,0.0,2,0,0.6,1,0,0.36,14,0,5.12,14,0,25,0
13,0,8.324324324324325,12,1,5.837837837837838,6.3021240234375,-0.2935246447509001,1.7307557801942568,0,0,0.0,0,0,0.0,55,0,15.945945945945946,0,0,0.0,0,0,0.0,0,0,0.0,0,0,0.0,3,0,0.43243243243243246,1,0,0.4594594594594595,26,0,8.324324324324325,14,0,37,0
14,0,7.958333333333333,10,1,4.541666666666667,9.0,-0.39908289909362793,1.3895416259765625,0,0,0.0,0,0,0.0,22,0,11.083333333333334,0,0,0.0,0,0,0.0,0,0,0.0,0,0,0.0,3,0,0.4166666666666667,1,0,0.375,14,0,6.208333333333333,15,0,24,0
19,5,11.5,10,1,2.8333333333333335,2.9375,-0.238037109375,0.4754772645343716,0,0,0.0,0,0,0.0,27,0,12.0,0,0,0.0,0,0,0.0,0,0,0.0,0,0,0.0,2,0,0.25,1,0,0.16666666666666666,14,0,6.166666666666667,20,0,12,0
10,0,3.744186046511628,10,1,4.093023255813954,10.0,-0.25,3.239098837209302,0,0,0.0,0,0,0.0,15,0,2.744186046511628,0,0,0.0,0,0,0.0,0,0,0.0,0,0,0.0,2,0,0.4186046511627907,1,0,0.4418604651162791,9,0,2.116279069767442,11,0,43,0
9,0,3.1818181818181817,11,1,5.418181818181818,10.0,0.0,4.209090909090909,0,0,0.0,0,0,0.0,17,0,4.4363636363636365,0,0,0.0,0,0,0.0,0,0,0.0,0,0,0.0,3,0,0.4,1,0,0.4727272727272727,9,0,2.5636363636363635,9,0,55,0
15,5,9.615384615384615,11,2,5.076923076923077,3.833984375,-0.46531922291615047,1.0221781134605408,0,0,0.0,0,0,0.0,25,0,9.153846153846153,0,0,0.0,0,0,0.0,0,0,0.0,0,0,0.0,2,0,0.38461538461538464,1,0,0.23076923076923078,12,0,5.0,16,0,13,0
17,3,11.473684210526315,10,1,4.7894736842105265,3.625,-0.4551215199771832,0.3657552819502981,0,0,0.0,0,0,0.0,39,0,14.578947368421053,0,0,0.0,0,0,0.0,0,0,0.0,0,0,0.0,2,0,0.2631578947368421,1,0,0.2631578947368421,18,0,7.631578947368421,18,0,19,0
15,1,8.0,10,1,3.2962962962962963,9.5,-0.4664007286814922,1.5507512887318928,0,0,0.0,0,0,0.0,35,0,12.296296296296296,0,0,0.0,0,0,0.0,0,0,0.0,0,0,0.0,2,0,0.37037037037037035,1,0,0.3333333333333333,19,0,6.62962962962963,16,0,27,0
13,0,6.59375,11,1,4.375,10.0,-0.3121897259160278,2.6015580892562866,0,0,0.0,0,0,0.0,34,0,11.90625,0,0,0.0,0,0,0.0,0,0,0.0,0,0,0.0,2,0,0.53125,1,0,0.375,18,0,6.46875,14,0,32,0
12,0,5.962962962962963,10,1,4.407407407407407,7.0,-0.125,3.1006351400304726,0,0,0.0,0,0,0.0,29,0,7.777777777777778,0,0,0.0,0,0,0.0,0,0,0.0,0,0,0.0,2,0,0.4444444444444444,1,0,0.48148148148148145,16,0,4.7407407407407405,13,0,27,0
14,0,7.142857142857143,9,1,3.0714285714285716,3.6046637296676636,-0.375,1.3020595226969038,0,0,0.0,0,0,0.0,17,0,7.571428571428571,0,0,0.0,0,0,0.0,0,0,0.0,0,0,0.0,2,0,0.2857142857142857,1,0,0.7857142857142857,9,0,4.071428571428571,15,0,14,0
13,0,5.172413793103448,10,1,3.4827586206896552,10.0,-0.25,3.023137125475653,0,0,0.0,0,0,0.0,22,0,6.0,0,0,0.0,0,0,0.0,0,0,0.0,0,0,0.0,3,0,0.7241379310344828,1,0,0.41379310344827586,11,0,3.6206896551724137,14,0,29,0
15,2,7.7368421052631575,10,1,4.052631578947368,7.5,-0.015625,1.9798416626688682,0,0,0.0,0,0,0.0,27,0,12.210526315789474,0,0,0.0,0,0,0.0,0,0,0.0,0,0,0.0,3,0,0.7368421052631579,1,0,0.42105263157894735,15,0,6.7368421052631575,16,0,19,0
10,0,3.2954545454545454,10,1,3.5,8.0,-0.2265625,3.571022727272727,0,0,0.0,0,0,0.0,15,0,4.295454545454546,0,0,0.0,0,0,0.0,0,0,0.0,0,0,0.0,2,0,0.38636363636363635,1,0,0.5,10,0,2.5681818181818183,11,0,44,0
13,0,6.384615384615385,10,1,4.846153846153846,9.5,-0.362945556640625,2.649554912860577,0,0,0.0,0,0,0.0,25,0,8.333333333333334,0,0,0.0,0,0,0.0,0,0,0.0,0,0,0.0,2,0,0.4358974358974359,1,0,0.4358974358974359,16,0,4.82051282051282,13,0,39,0
16,3,8.0,10,4,6.333333333333333,5.010995864868164,-0.3311767578125,2.216189702351888,0,0,0.0,0,0,0.0,14,5,10.333333333333334,0,0,0.0,0,0,0.0,0,0,0.0,0,0,0.0,3,0,1.6666666666666667,0,0,0.0,9,3,6.333333333333333,17,0,3,0
13,0,7.512195121951219,12,1,5.829268292682927,8.0,-0.25,2.1158536585365852,0,0,0.0,0,0,0.0,28,0,11.975609756097562,0,0,0.0,0,0,0.0,0,0,0.0,0,0,0.0,2,0,0.3902439024390244,1,0,0.4634146341463415,16,0,6.536585365853658,13,0,41,0
13,0,6.043478260869565,9,1,3.782608695652174,5.96875,-0.462890625,2.4714673913043477,0,0,0.0,0,0,0.0,21,0,5.608695652173913,0,0,0.0,0,0,0.0,0,0,0.0,0,0,0.0,3,0,0.5217391304347826,1,0,0.6086956521739131,12,0,3.3043478260869565,14,0,23,0
9,0,3.62,12,1,5.26,9.5,-0.4375,3.52,0,0,0.0,0,0,0.0,20,0,5.56,0,0,0.0,0,0,0.0,0,0,0.0,0,0,0.0,4,0,0.52,1,0,0.36,11,0,3.0,10,0,50,0
14,0,7.1,10,1,4.1,6.0,-0.375,1.3165700912475586,0,0,0.0,0,0,0.0,20,0,7.666666666666667,0,0,0.0,0,0,0.0,0,0,0.0,0,0,0.0,2,0,0.5333333333333333,1,0,0.36666666666666664,10,0,4.6,15,0,30,0
15,7,11.357142857142858,9,1,5.785714285714286,4.228460133075714,-0.12907714795437641,1.3503505161830358,0,0,0.0,0,0,0.0,35,0,18.142857142857142,0,0,0.0,0,0,0.0,0,0,0.0,0,0,0.0,1,0,0.07142857142857142,1,0,0.7142857142857143,17,0,9.571428571428571,16,0,14,0
13,0,5.514285714285714,10,1,4.371428571428571,6.8125,-0.25,2.6508091517857144,0,0,0.0,0,0,0.0,20,0,6.942857142857143,0,0,0.0,0,0,0.0,0,0,0.0,0,0,0.0,2,0,0.5714285714285714,1,0,0.34285714285714286,10,0,3.8857142857142857,13,0,35,0
12,0,5.888888888888889,12,1,5.194444444444445,9.0,-0.37258604262024164,1.8727688259548612,0,0,0.0,0,0,0.0,23,0,7.833333333333333,0,0,0.0,0,0,0.0,0,0,0.0,0,0,0.0,2,0,0.3333333333333333,1,0,0.3611111111111111,11,0,4.388888888888889,12,0,36,0
14,0,7.424242424242424,10,1,4.878787878787879,7.5,-0.36836677230894566,1.7080669981060603,0,0,0.0,0,0,0.0,41,0,12.424242424242424,0,0,0.0,0,0,0.0,0,0,0.0,0,0,0.0,2,0,0.42424242424242425,1,0,0.3939393939393939,22,0,6.7272727272727275,14,0,33,0
