Epoch,Day,Being ID,Other Being ID,encounter_type,X,Y,Z
1,9,6,64,STL,"(92,)","(483,)",0.2659005482726414
1,10,64,64,INF,"(93,)","(484,)",0.2680255295044064
2,1,126,190,LUV,"(345,)","(66,)",0.1668145850713846
2,2,127,178,LUV,"(37,)","(477,)",0.12824366722003064
2,3,127,195,LUV,"(35,)","(476,)",0.12238965935040416
2,3,190,126,LUV,"(344,)","(68,)",0.17163127398056968
2,6,129,127,STL,"(32,)","(480,)",0.1191576893469491
2,6,190,126,LUV,"(346,)","(69,)",0.1678843406234569
2,7,127,129,INF,"(33,)","(479,)",0.12051058135086745
2,7,190,126,LUV,"(347,)","(70,)",0.16662209360038907
2,8,126,190,LUV,"(347,)","(71,)",0.16786438414553895
2,8,190,126,LUV,"(348,)","(70,)",0.16413247057524066
2,8,195,178,LUV,"(37,)","(476,)",0.12730513895343684
2,9,126,190,LUV,"(348,)","(70,)",0.16413247057524066
2,9,190,126,LUV,"(349,)","(70,)",0.16163910313061902
3,10,248,223,INF,"(434,)","(93,)",-0.012877721400862754
5,4,452,456,STL,"(246,)","(436,)",0.3806626097479728
5,4,456,452,INF,"(245,)","(435,)",0.3853920847743695
5,11,458,490,WAR,"(445,)","(67,)",-0.06903375495551851
5,12,484,487,WIN,"(260,)","(266,)",0.6231097337119396
7,1,701,641,WAR,"(211,)","(267,)",0.6553748265592683
7,6,715,701,WAR,"(212,)","(263,)",0.6571627981808604
7,11,636,725,LUV,"(143,)","(338,)",0.4757236488551218
7,11,725,636,LUV,"(144,)","(339,)",0.4776172679255825
7,12,636,725,LUV,"(144,)","(339,)",0.4776172679255825
7,12,725,636,LUV,"(143,)","(339,)",0.4747584179482426
8,3,807,775,LUV,"(204,)","(279,)",0.6454488562988353
8,4,775,807,LUV,"(204,)","(279,)",0.6454488562988353
8,6,807,775,LUV,"(205,)","(279,)",0.6460745136474285
9,1,881,922,LUV,"(346,)","(289,)",0.38450591924676714
9,2,922,881,LUV,"(348,)","(287,)",0.3812694795083336
9,3,881,922,WAR,"(347,)","(286,)",0.38537152703357
9,12,872,932,INF,"(388,)","(138,)",0.1790642220482841
10,1,980,1044,LUV,"(31,)","(266,)",0.20632154452405393
10,4,953,996,WAR,"(478,)","(423,)",-0.1959605449432598
10,6,996,953,INF,"(479,)","(423,)",-0.19647431135278845
10,8,983,993,LUV,"(64,)","(13,)",0.05819556665426736
10,8,993,983,LUV,"(64,)","(13,)",0.05819556665426736
10,8,1043,1001,STL,"(402,)","(75,)",0.03462622297831249
10,9,983,993,LUV,"(65,)","(14,)",0.06165047395364144
10,9,993,983,LUV,"(65,)","(14,)",0.06165047395364144
11,3,1097,1067,STL,"(403,)","(184,)",0.22217678432325066
11,3,1141,1114,LUV,"(376,)","(409,)",0.03915984837102472
11,10,1120,1080,LUV,"(101,)","(397,)",0.30585313158693184
11,11,1120,1080,LUV,"(100,)","(396,)",0.3027994934257384
11,12,1099,1135,LUV,"(41,)","(245,)",0.26191446223904147
11,12,1135,1099,LUV,"(42,)","(245,)",0.26422693067688197
11,13,1099,1135,LUV,"(42,)","(246,)",0.2628300595173343
11,13,1135,1099,LUV,"(43,)","(246,)",0.26517357489452054
11,14,1099,1135,LUV,"(42,)","(246,)",0.2628300595173343
11,14,1099,1099,INF,"(43,)","(246,)",0.26517357489452054
12,6,1177,1165,STL,"(424,)","(189,)",0.17862305365493097
12,11,1170,1170,INF,"(273,)","(177,)",0.536705992017762
14,3,1373,1425,WAR,"(11,)","(130,)",0.26635560793910107
14,4,1373,1425,ESC,"(13,)","(130,)",0.2674489695812033
15,1,1574,1574,INF,"(393,)","(177,)",0.2366941831539331
15,1,1571,1549,INF,"(85,)","(229,)",0.39279615020599135
15,4,1504,1485,STL,"(325,)","(218,)",0.4652792578164088
15,6,1504,1485,WIN,"(326,)","(217,)",0.46180882047378646
15,14,1473,1564,INF,"(276,)","(156,)",0.4908759558018431
16,8,1620,1646,LUV,"(340,)","(423,)",0.11061533933090381
16,8,1646,1620,LUV,"(341,)","(424,)",0.10464361924585865
16,9,1646,1620,LUV,"(340,)","(423,)",0.11061533933090381
16,11,1663,1605,LUV,"(143,)","(132,)",0.4453191988423561
16,12,1663,1605,LUV,"(144,)","(133,)",0.4488914004350109
18,4,1867,1883,LUV,"(269,)","(132,)",0.4518154717278278
18,4,1883,1867,LUV,"(270,)","(131,)",0.4479418781498612
18,6,1804,1873,STL,"(147,)","(436,)",0.41085731646536167
20,3,2073,2083,WAR,"(284,)","(270,)",0.5736170086180148
21,7,2179,2178,LUV,"(279,)","(90,)",0.3467961815199603
21,11,2120,2123,INF,"(199,)","(474,)",0.3659701830457995
21,12,2127,2133,WAR,"(429,)","(106,)",0.019576368628035135
21,12,2133,2127,INF,"(428,)","(106,)",0.021700289803076936
22,3,2206,2258,LUV,"(322,)","(313,)",0.4188045809011962
22,3,2258,2206,LUV,"(321,)","(313,)",0.4217933203600193
23,7,2368,2385,LUV,"(231,)","(478,)",0.2950202912939612
23,7,2385,2368,LUV,"(231,)","(478,)",0.2950202912939612
24,1,2515,2446,LUV,"(70,)","(499,)",0.2214628289453223
24,2,2446,2515,LUV,"(69,)","(499,)",0.21939952720439782
24,2,2515,2446,LUV,"(70,)","(499,)",0.2214628289453223
24,3,2446,2515,LUV,"(71,)","(499,)",0.2235187356070194
24,3,2477,2485,WAR,"(247,)","(328,)",0.5752634028518324
24,6,2453,2474,LUV,"(399,)","(476,)",-0.21907951331698577
24,13,2472,2470,WIN,"(196,)","(114,)",0.4580603686290501
26,4,2683,2694,STL,"(235,)","(288,)",0.6375995767809747
26,5,2694,2683,INF,"(236,)","(288,)",0.6368706560845167
27,1,2834,2772,INF,"(158,)","(322,)",0.5321630189303169
27,5,2820,2817,LUV,"(120,)","(72,)",0.2750359360923648
27,10,2790,2743,LUV,"(56,)","(130,)",0.30393833567395817
27,11,2743,2790,LUV,"(56,)","(129,)",0.3025756165528405
27,11,2790,2743,LUV,"(57,)","(129,)",0.30376920963710763
27,12,2743,2790,LUV,"(57,)","(128,)",0.30237449644615044
27,12,2790,2743,LUV,"(58,)","(128,)",0.30357505157848885
27,13,2743,2790,LUV,"(57,)","(128,)",0.30237449644615044
27,13,2790,2743,ESC,"(58,)","(128,)",0.30357505157848885
27,15,2793,2756,INF,"(100,)","(408,)",0.299701134904
28,1,2923,2882,WAR,"(422,)","(68,)",-0.022181134545725543
28,2,2882,2923,INF,"(422,)","(68,)",-0.022181134545725543
28,6,2857,2875,LUV,"(356,)","(229,)",0.3854568385046191
28,17,2891,2905,INF,"(261,)","(397,)",0.423812205720121
30,3,3116,3129,LUV,"(120,)","(77,)",0.28686054148398904
30,4,3129,3116,LUV,"(121,)","(78,)",0.29072415909393146
30,7,3068,3117,STL,"(270,)","(75,)",0.3343095099981883
30,7,3116,3129,LUV,"(122,)","(79,)",0.2945854672017876
30,9,3117,3117,INF,"(270,)","(74,)",0.332643814209267
30,9,3138,3067,LUV,"(117,)","(229,)",0.4844316031052989
30,10,3138,3067,LUV,"(116,)","(230,)",0.48133392580873735
30,11,3138,3067,LUV,"(115,)","(231,)",0.4781859806668626
30,12,3067,3138,LUV,"(114,)","(231,)",0.47531223070833173
30,12,3138,3067,LUV,"(114,)","(231,)",0.47531223070833173
30,13,3067,3138,LUV,"(114,)","(231,)",0.47531223070833173
30,16,3138,3067,LUV,"(114,)","(231,)",0.47531223070833173
30,17,3067,3138,LUV,"(114,)","(231,)",0.47531223070833173
30,17,3138,3067,WAR,"(113,)","(232,)",0.47209710341292677
30,18,3067,3067,INF,"(111,)","(230,)",0.4669968570553755
32,5,3291,3273,WAR,"(95,)","(85,)",0.2688294025545076
32,9,3281,3346,WAR,"(267,)","(462,)",0.24553609753467293
33,3,3393,3379,STL,"(479,)","(106,)",-0.045183734909875484
33,5,3379,3393,INF,"(478,)","(105,)",-0.04658847878749427
33,11,3409,3375,INF,"(318,)","(66,)",0.2309273611420685
34,4,3560,3561,LUV,"(13,)","(57,)",0.14023546593126252
34,4,3561,3560,LUV,"(13,)","(58,)",0.1425494182157072
34,5,3560,3561,LUV,"(12,)","(57,)",0.14012009551090995
35,9,3577,3588,INF,"(193,)","(357,)",0.5508453032179895
35,9,3654,3574,WAR,"(173,)","(332,)",0.5537828293499159
36,1,3730,3676,STL,"(132,)","(151,)",0.46254334148595494
36,4,3689,3776,ESC,"(326,)","(494,)",-0.08865836048771722
36,4,3776,3689,INF,"(326,)","(493,)",-0.08451380218637898
36,6,3759,3734,LUV,"(410,)","(246,)",0.2477708391579954
36,7,3759,3734,WAR,"(411,)","(246,)",0.24531530714283045
36,8,3734,3759,INF,"(410,)","(245,)",0.2479082056888184
37,1,3790,3882,WIN,"(63,)","(172,)",0.351094415222263
37,3,3811,3868,STL,"(331,)","(172,)",0.39120268220117044
37,3,3868,3811,INF,"(330,)","(171,)",0.392144192393014
37,3,3879,3812,LUV,"(411,)","(172,)",0.18387066472656807
37,4,3812,3879,LUV,"(411,)","(173,)",0.18550463559168
37,7,3814,3821,STL,"(289,)","(291,)",0.5429691451320459
37,11,3877,3801,LUV,"(427,)","(149,)",0.1056680505351029
37,12,3877,3801,WAR,"(428,)","(150,)",0.10539198818052971
38,1,3941,3887,LUV,"(317,)","(463,)",0.06463389834799474
38,2,3941,3887,STL,"(316,)","(461,)",0.07541464831396927
39,3,4041,4028,LUV,"(458,)","(319,)",0.06616117588629067
39,3,4057,3993,LUV,"(160,)","(108,)",0.41504495770610883
39,4,3993,4057,LUV,"(159,)","(109,)",0.41618617625519705
39,7,4041,4028,LUV,"(458,)","(318,)",0.06809410363396334
39,8,4041,4028,LUV,"(460,)","(317,)",0.0670416258616955
39,9,4028,4041,LUV,"(461,)","(317,)",0.06560005569929228
39,9,4041,4028,LUV,"(462,)","(318,)",0.062273269831423395
39,10,4028,4041,LUV,"(463,)","(318,)",0.06089020330615094
39,16,4059,4059,INF,"(285,)","(197,)",0.5437084884411729
40,3,4191,4125,LUV,"(222,)","(435,)",0.42954352649694444
40,5,4160,4187,LUV,"(213,)","(437,)",0.4369759050597002
40,6,4160,4187,LUV,"(215,)","(435,)",0.43862162233588503
40,7,4160,4187,LUV,"(214,)","(433,)",0.4435141416124445
40,8,4160,4187,LUV,"(212,)","(433,)",0.4455614500384609
40,10,4125,4191,LUV,"(219,)","(435,)",0.43369733902161633
40,10,4191,4125,LUV,"(219,)","(434,)",0.4356676506688264
40,11,4125,4191,LUV,"(218,)","(434,)",0.4369506853906976
42,2,4342,4327,LUV,"(221,)","(138,)",0.5143032923096118
42,3,4342,4327,STL,"(223,)","(139,)",0.5158383464754597
42,4,4327,4342,INF,"(224,)","(139,)",0.5154341882044512
43,1,4446,4419,WAR,"(243,)","(303,)",0.6148494465616922
43,5,4451,4478,WAR,"(367,)","(36,)",0.08830505227212393
44,11,4555,4555,INF,"(336,)","(477,)",-0.0536075252478426
46,1,4746,4796,STL,"(35,)","(447,)",0.10092848812536541
46,1,4789,4817,LUV,"(431,)","(83,)",-0.022181232871607455
46,1,4817,4789,LUV,"(431,)","(82,)",-0.023621677403093358
46,2,4750,4771,LUV,"(285,)","(96,)",0.3474517356973682
46,2,4771,4750,LUV,"(286,)","(95,)",0.34366352922634186
46,2,4817,4789,LUV,"(432,)","(82,)",-0.025670391569647705
46,3,4750,4771,LUV,"(286,)","(94,)",0.34176305349623215
46,3,4789,4817,LUV,"(433,)","(82,)",-0.027692603655625238
46,4,4817,4789,LUV,"(432,)","(82,)",-0.025670391569647705
46,5,4789,4817,LUV,"(432,)","(81,)",-0.027092487271189875
46,5,4817,4789,LUV,"(432,)","(81,)",-0.027092487271189875
46,6,4789,4817,LUV,"(433,)","(81,)",-0.02911491918317742
46,6,4817,4789,LUV,"(432,)","(82,)",-0.025670391569647705
46,7,4750,4771,LUV,"(284,)","(95,)",0.34738307941346136
46,7,4771,4750,LUV,"(283,)","(95,)",0.3492131334328898
46,7,4789,4817,LUV,"(432,)","(83,)",-0.024229753639874257
46,7,4817,4789,LUV,"(433,)","(84,)",-0.024792648498859184
46,8,4789,4817,LUV,"(433,)","(83,)",-0.02625176097011267
46,15,4789,4810,INF,"(427,)","(90,)",-0.003157353467260496
46,16,4789,4789,INF,"(429,)","(93,)",-0.0026439089311531827
47,12,4850,4866,WAR,"(125,)","(359,)",0.4026876091410129
48,1,4978,5028,STL,"(396,)","(368,)",0.08964684512176564
48,9,5007,4989,LUV,"(280,)","(459,)",0.21176598989465836
48,10,4989,5007,LUV,"(279,)","(460,)",0.2118267611719208
48,10,5007,4989,LUV,"(279,)","(460,)",0.2118267611719208
48,11,4989,5007,LUV,"(278,)","(461,)",0.21185670739650972
48,11,5007,4989,LUV,"(278,)","(461,)",0.21185670739650972
48,12,4989,5007,LUV,"(278,)","(462,)",0.2083970410818003
48,12,5007,4989,LUV,"(278,)","(462,)",0.2083970410818003
48,13,4989,5007,LUV,"(278,)","(463,)",0.204907252527353
48,13,5007,4989,LUV,"(278,)","(462,)",0.2083970410818003
48,14,5007,5007,INF,"(278,)","(463,)",0.204907252527353
49,3,5144,5103,INF,"(81,)","(488,)",0.24158711169820007
49,6,5083,5137,LUV,"(76,)","(219,)",0.3744515340446636
49,6,5137,5083,LUV,"(76,)","(218,)",0.3749962974189174
50,6,5194,5227,LUV,"(347,)","(284,)",0.38774852329092807
50,7,5194,5227,LUV,"(348,)","(283,)",0.38603066594574553
50,7,5236,5231,WAR,"(90,)","(29,)",0.12867151350174139
50,8,5194,5227,LUV,"(349,)","(282,)",0.38429692347018085
50,9,5194,5227,LUV,"(351,)","(280,)",0.380781574735423
50,9,5227,5194,LUV,"(351,)","(279,)",0.38183685382774835
50,10,5194,5227,LUV,"(352,)","(279,)",0.3789998509121735
50,10,5227,5194,LUV,"(352,)","(278,)",0.3800306985570299
50,11,5194,5227,LUV,"(353,)","(278,)",0.3772020065027287
50,11,5227,5194,LUV,"(353,)","(277,)",0.3782082078150579
51,10,5291,5316,INF,"(185,)","(165,)",0.5616082930393206
51,10,5259,5259,INF,"(341,)","(299,)",0.3850877442030884
52,6,5388,5396,LUV,"(121,)","(246,)",0.489625404170522
52,6,5396,5388,LUV,"(120,)","(247,)",0.48610490739286916
52,9,5388,5396,LUV,"(121,)","(244,)",0.49061567997726385
52,9,5396,5388,LUV,"(122,)","(243,)",0.4940328325494547
52,10,5388,5396,LUV,"(121,)","(244,)",0.49061567997726385
52,10,5388,5388,INF,"(122,)","(243,)",0.4940328325494547
53,4,5462,5491,STL,"(214,)","(236,)",0.6576170279770499
53,4,5498,5565,ESC,"(30,)","(176,)",0.30134369905330693
53,5,5473,5538,WAR,"(138,)","(155,)",0.47987220614610115
53,5,5564,5543,INF,"(134,)","(222,)",0.5309061805950859
53,7,5538,5473,INF,"(137,)","(154,)",0.4764541963880081
53,8,5533,5530,STL,"(262,)","(39,)",0.29526838988862253
53,12,5488,5522,INF,"(33,)","(458,)",0.10224883744783485
53,12,5560,5461,INF,"(341,)","(417,)",0.12313129213065165
54,4,5640,5570,LUV,"(103,)","(86,)",0.2826459536376795
54,5,5615,5628,LUV,"(54,)","(364,)",0.15611562461014727
54,5,5621,5631,LUV,"(134,)","(349,)",0.43887391681440924
54,5,5628,5615,LUV,"(53,)","(363,)",0.1533281561913622
54,6,5570,5640,LUV,"(100,)","(87,)",0.28057871137206203
54,6,5615,5628,LUV,"(52,)","(362,)",0.15057220501450874
54,6,5628,5615,LUV,"(51,)","(361,)",0.14784860902752162
54,7,5628,5615,LUV,"(49,)","(363,)",0.1406483578259754
54,8,5570,5640,LUV,"(100,)","(84,)",0.27364932216296484
54,9,5628,5615,LUV,"(48,)","(364,)",0.13710077092233564
54,10,5615,5628,LUV,"(47,)","(364,)",0.13399032385362308
56,1,5879,5843,INF,"(84,)","(314,)",0.2990340728899773
56,3,5842,5845,LUV,"(277,)","(262,)",0.5930630466153339
56,5,5838,5824,LUV,"(255,)","(290,)",0.6134662311381236
56,6,5824,5838,LUV,"(255,)","(290,)",0.6134662311381236
56,6,5875,5832,LUV,"(496,)","(212,)",0.1121900249105228
58,6,6010,6019,LUV,"(200,)","(391,)",0.5112750469567269
58,7,6010,6019,LUV,"(198,)","(390,)",0.5122068363071454
58,8,6010,6019,LUV,"(197,)","(391,)",0.5107489807748722
60,9,6238,6292,WAR,"(218,)","(164,)",0.5704492334038193
60,10,6292,6238,INF,"(219,)","(166,)",0.5741280814503233
61,3,6312,6333,STL,"(322,)","(402,)",0.22330178508592088
63,2,6558,6518,STL,"(88,)","(258,)",0.37726768994972426
63,2,6589,6519,LUV,"(401,)","(486,)",-0.25710002403461735
63,3,6518,6558,INF,"(89,)","(258,)",0.3804387665801126
63,5,6519,6589,LUV,"(404,)","(490,)",-0.27681599873332957
63,5,6528,6553,STL,"(47,)","(220,)",0.3050256341344165
63,5,6553,6528,INF,"(48,)","(219,)",0.3080811003709094
63,14,6591,6560,INF,"(287,)","(30,)",0.25662923304563917
64,1,6670,6708,LUV,"(291,)","(459,)",0.17286890406923236
64,2,6708,6670,LUV,"(292,)","(460,)",0.16580023331705024
65,11,6816,6768,INF,"(420,)","(223,)",0.21963903637613535
66,6,6842,6868,STL,"(226,)","(235,)",0.6563544880593499
66,6,6868,6842,INF,"(226,)","(236,)",0.6567282182111498
66,8,6901,6913,WAR,"(118,)","(397,)",0.3603530233597313
66,11,6913,6901,INF,"(118,)","(397,)",0.3603530233597313
67,1,6973,7013,STL,"(381,)","(4,)",0.04747237126652727
67,2,7013,7013,INF,"(379,)","(2,)",0.05243779950161487
67,2,7026,6947,LUV,"(448,)","(405,)",-0.1180157294720273
67,3,6947,7026,LUV,"(447,)","(405,)",-0.11634747984714922
67,3,7026,6947,LUV,"(446,)","(405,)",-0.11464911131578129
67,4,6947,7026,LUV,"(445,)","(404,)",-0.11044410172963197
67,5,6947,7026,LUV,"(446,)","(404,)",-0.1121741888931244
67,5,7015,6995,LUV,"(382,)","(390,)",0.07074924482742216
67,7,6943,7028,STL,"(311,)","(412,)",0.23700476452685476
67,7,6995,7015,LUV,"(382,)","(390,)",0.07074924482742216
67,7,7015,6995,LUV,"(383,)","(389,)",0.070633121003251
67,8,6995,7015,LUV,"(383,)","(389,)",0.070633121003251
67,8,7015,6995,LUV,"(384,)","(388,)",0.07052823715675159
67,9,6995,7015,LUV,"(384,)","(388,)",0.07052823715675159
68,11,7040,7040,INF,"(217,)","(220,)",0.6491633713706535
68,14,7133,7098,INF,"(336,)","(253,)",0.442127188109888
69,1,7198,7185,LUV,"(326,)","(290,)",0.4416519312942253
69,4,7226,7232,LUV,"(97,)","(172,)",0.41877577517045583
69,5,7232,7226,LUV,"(95,)","(174,)",0.41604536766958217
69,6,7232,7226,LUV,"(96,)","(174,)",0.4182007322975625
69,7,7177,7210,STL,"(135,)","(409,)",0.40283840061917686
69,7,7210,7177,INF,"(136,)","(408,)",0.4059345152896104
69,8,7226,7232,LUV,"(93,)","(174,)",0.4117501379775195
69,9,7226,7232,LUV,"(95,)","(173,)",0.4152901236917129
69,9,7232,7226,LUV,"(94,)","(172,)",0.4123855994489165
70,2,7293,7259,WAR,"(364,)","(33,)",0.09448501584362427
70,3,7259,7259,INF,"(366,)","(35,)",0.09034956695731998
70,3,7322,7318,LUV,"(286,)","(454,)",0.20749766434500205
70,7,7322,7318,LUV,"(287,)","(456,)",0.1973373338853608
70,9,7313,7339,LUV,"(48,)","(263,)",0.2531755620390206
71,3,7375,7445,STL,"(204,)","(312,)",0.6149261665944755
71,4,7355,7425,STL,"(258,)","(109,)",0.41745192648412743
74,6,7759,7667,WAR,"(149,)","(379,)",0.4564035618229545
74,11,7673,7711,LUV,"(286,)","(99,)",0.35139638408492946
74,12,7673,7711,LUV,"(285,)","(100,)",0.35525334593810143
75,1,7855,7875,WIN,"(142,)","(131,)",0.44173363991379083
75,8,7822,7776,STL,"(90,)","(22,)",0.11217798044490554
75,15,7784,7820,INF,"(155,)","(398,)",0.4555974380021548
77,1,8071,8016,LUV,"(387,)","(490,)",-0.2406725266850273
77,4,8085,8021,INF,"(272,)","(173,)",0.5313667497882573
78,8,8178,8098,LUV,"(413,)","(134,)",0.10908081202243497
78,9,8178,8098,LUV,"(412,)","(133,)",0.10955950014864366
78,10,8098,8178,LUV,"(411,)","(133,)",0.11199374173811334
78,10,8178,8098,LUV,"(411,)","(132,)",0.11004969480530032
78,11,8098,8178,LUV,"(411,)","(133,)",0.11199374173811334
78,11,8178,8098,LUV,"(411,)","(132,)",0.11004969480530032
78,12,8178,8178,INF,"(411,)","(133,)",0.11199374173811334
79,1,8246,8257,STL,"(496,)","(260,)",0.11023380251166406
79,4,8257,8257,INF,"(496,)","(263,)",0.10807041147693644
80,1,8317,8383,LUV,"(46,)","(5,)",0.023588097124755767
80,2,8376,8373,STL,"(477,)","(255,)",0.1242936256906193
80,10,8392,8328,LUV,"(267,)","(165,)",0.5249690193721094
80,11,8392,8328,LUV,"(268,)","(164,)",0.5213150227210531
80,12,8328,8392,LUV,"(269,)","(163,)",0.5176254962750432
80,12,8392,8328,ESC,"(268,)","(164,)",0.5213150227210531
81,12,8419,8481,ESC,"(395,)","(420,)",-0.03855162180289369
83,4,8628,8685,STL,"(112,)","(281,)",0.43318977335747805
83,4,8685,8628,INF,"(113,)","(280,)",0.4375449010330774
83,5,8647,8648,STL,"(14,)","(246,)",0.20469815924657775
83,6,8665,8614,STL,"(438,)","(466,)",-0.26762260971175056
83,8,8665,8614,WIN,"(440,)","(466,)",-0.2708741974982865
84,4,8747,8720,LUV,"(389,)","(171,)",0.23708752312739853
84,9,8799,8802,STL,"(71,)","(224,)",0.35834646007980253
84,12,8799,8802,WIN,"(70,)","(224,)",0.3557710598874009
85,1,8862,8910,STL,"(317,)","(406,)",0.23076123951261146
85,1,8910,8862,INF,"(317,)","(406,)",0.23076123951261146
85,5,8922,8830,INF,"(184,)","(106,)",0.43290830531735885
87,4,9073,9100,LUV,"(161,)","(375,)",0.486115788354463
87,4,9112,9057,LUV,"(136,)","(390,)",0.4159222496049778
87,5,9057,9112,LUV,"(136,)","(390,)",0.4159222496049778
87,6,9112,9057,LUV,"(135,)","(393,)",0.4115362387367978
88,9,9216,9159,STL,"(302,)","(318,)",0.46879911331763124
88,10,9159,9216,INF,"(303,)","(317,)",0.46768283384042125
91,7,9484,9458,WAR,"(374,)","(49,)",0.07845245006800809
91,8,9458,9484,INF,"(374,)","(49,)",0.07845245006800809
92,4,9630,9647,LUV,"(160,)","(254,)",0.5908843192502097
92,6,9647,9630,LUV,"(159,)","(252,)",0.5892549599210383
92,11,9633,9621,INF,"(128,)","(304,)",0.4632648500073816
93,4,9699,9751,LUV,"(221,)","(128,)",0.4914677911713707
94,1,9835,9820,LUV,"(292,)","(449,)",0.20244707634474152
94,2,9820,9835,LUV,"(293,)","(450,)",0.19571084446447257
94,3,9820,9835,LUV,"(291,)","(450,)",0.20280814841518044
96,1,9982,10049,LUV,"(311,)","(338,)",0.40414755073805236
96,1,10063,10067,STL,"(57,)","(372,)",0.163000915663723
96,1,10067,10063,INF,"(56,)","(373,)",0.15946997016306985
96,2,9982,10049,LUV,"(312,)","(337,)",0.4031664316629355
96,2,10006,10026,WAR,"(100,)","(298,)",0.37358813565824683
96,2,10049,9982,LUV,"(312,)","(337,)",0.4031664316629355
96,13,10018,10018,INF,"(238,)","(319,)",0.5992081619732451
97,6,10162,10165,WAR,"(270,)","(411,)",0.37185671150109273
97,7,10108,10135,LUV,"(7,)","(142,)",0.27303826939770737
97,7,10135,10108,LUV,"(7,)","(142,)",0.27303826939770737
97,7,10165,10165,INF,"(271,)","(412,)",0.3668766371298722
97,8,10108,10135,LUV,"(6,)","(141,)",0.2718445953085747
97,9,10113,10140,STL,"(254,)","(215,)",0.6194389589603423
97,10,10113,10140,WIN,"(252,)","(216,)",0.6229698635874403
98,2,10245,10274,LUV,"(68,)","(134,)",0.32510286203011984
98,2,10274,10245,LUV,"(69,)","(133,)",0.3251317427903853
98,4,10274,10245,LUV,"(68,)","(132,)",0.3223043988127638
98,5,10245,10274,LUV,"(68,)","(132,)",0.3223043988127638
98,5,10274,10245,LUV,"(68,)","(131,)",0.32087213353105093
98,6,10245,10274,LUV,"(67,)","(131,)",0.3194887612090524
98,6,10274,10245,LUV,"(67,)","(131,)",0.3194887612090524
98,7,10274,10245,LUV,"(69,)","(131,)",0.322269919779478
98,8,10245,10274,LUV,"(70,)","(130,)",0.32220890389044715
98,10,10255,10229,WAR,"(476,)","(387,)",-0.10860874391723874
98,10,10274,10245,LUV,"(68,)","(131,)",0.32087213353105093
98,11,10229,10255,INF,"(475,)","(388,)",-0.11018923040094279
99,8,10346,10352,LUV,"(199,)","(91,)",0.40585623286389716
99,8,10352,10346,LUV,"(200,)","(91,)",0.40618811142713723
99,11,10352,10346,LUV,"(198,)","(88,)",0.398739747716713
101,2,10565,10534,LUV,"(406,)","(227,)",0.2553579442674509
101,14,10587,10548,LUV,"(489,)","(112,)",-0.035820526255821536
101,15,10587,10548,STL,"(488,)","(111,)",-0.03767057462040739
101,16,10548,10587,INF,"(488,)","(112,)",-0.03586397914878833
102,8,10658,10664,STL,"(455,)","(427,)",-0.18420540154051201
102,9,10613,10693,STL,"(485,)","(474,)",-0.3233376401915945
103,1,10735,10797,LUV,"(370,)","(306,)",0.2915782914163761
103,3,10803,10810,LUV,"(491,)","(68,)",-0.10442653676421013
104,6,10822,10878,LUV,"(219,)","(9,)",0.27565419968705335
104,7,10822,10878,LUV,"(220,)","(10,)",0.27719806367857724
104,11,10849,10846,WAR,"(34,)","(453,)",0.10159559812400648
105,1,10947,10950,WAR,"(340,)","(117,)",0.2616402326954571
105,3,10950,10947,INF,"(339,)","(114,)",0.2584035915305027
105,9,11000,10926,LUV,"(354,)","(294,)",0.3548012786169139
106,15,11121,11110,INF,"(388,)","(471,)",-0.17689039646350252
107,11,11219,11170,INF,"(84,)","(156,)",0.3779313985318573
108,9,11308,11305,LUV,"(46,)","(129,)",0.29155547967418083
108,10,11305,11308,LUV,"(45,)","(130,)",0.2918053094919735
108,10,11308,11305,LUV,"(45,)","(130,)",0.2918053094919735
109,1,11360,11380,LUV,"(437,)","(129,)",0.04673493566526658
109,1,11386,11428,WAR,"(182,)","(416,)",0.4753179143125654
109,2,11360,11380,LUV,"(435,)","(130,)",0.05253437876449389
109,2,11380,11360,LUV,"(436,)","(129,)",0.0486529684878297
109,2,11428,11386,INF,"(183,)","(415,)",0.47707552897926725
109,3,11360,11380,LUV,"(435,)","(130,)",0.05253437876449389
109,3,11380,11360,LUV,"(435,)","(131,)",0.054470558942467176
110,8,11514,11477,WAR,"(191,)","(325,)",0.5886249164447543
110,9,11477,11514,INF,"(192,)","(324,)",0.5909053572075711
111,1,11581,11558,LUV,"(213,)","(392,)",0.507279912624998
111,1,11586,11623,LUV,"(344,)","(313,)",0.35306474049138625
111,2,11558,11581,LUV,"(213,)","(392,)",0.507279912624998
111,2,11581,11558,WAR,"(214,)","(392,)",0.5067435862010852
111,8,11638,11649,WAR,"(26,)","(265,)",0.1966114308230666
111,8,11649,11638,INF,"(25,)","(265,)",0.19439287870296507
111,14,11621,11621,INF,"(59,)","(280,)",0.2596055471067251
112,9,11675,11700,INF,"(99,)","(332,)",0.33457829480924645
115,11,12001,12026,STL,"(113,)","(338,)",0.3789593112573548
115,14,11981,12046,WIN,"(434,)","(403,)",-0.08707810969967454
116,4,12161,12101,STL,"(494,)","(449,)",-0.26111314521162676
116,5,12101,12161,INF,"(495,)","(449,)",-0.2607602170993103
116,8,12172,12127,LUV,"(181,)","(336,)",0.562577212760173
116,9,12172,12131,LUV,"(181,)","(335,)",0.5637456171933941
116,15,12172,12127,INF,"(182,)","(344,)",0.5546195481552644
117,6,12228,12240,WAR,"(92,)","(375,)",0.28176897477090257
117,6,12240,12228,INF,"(93,)","(376,)",0.2848899427293059
119,3,12434,12484,WAR,"(417,)","(429,)",-0.11684856971103191
119,4,12484,12484,INF,"(415,)","(430,)",-0.11487407597507862
119,5,12451,12437,LUV,"(303,)","(461,)",0.1224288562445553
119,6,12414,12438,WAR,"(323,)","(387,)",0.25547012135579006
119,8,12414,12438,ESC,"(324,)","(390,)",0.2450615512091514
120,5,12507,12540,STL,"(9,)","(285,)",0.12401039527309632
121,1,12648,12693,STL,"(258,)","(455,)",0.2964655435526247
121,15,12616,12682,INF,"(77,)","(253,)",0.3484939666514299
122,8,12784,12781,LUV,"(483,)","(474,)",-0.32386835907815315
122,8,12795,12797,LUV,"(429,)","(155,)",0.11256502314977324
122,9,12781,12784,LUV,"(482,)","(474,)",-0.32406841338269154
122,9,12784,12781,LUV,"(483,)","(474,)",-0.32386835907815315
122,9,12795,12797,LUV,"(429,)","(157,)",0.11623002933389995
122,10,12760,12796,LUV,"(97,)","(117,)",0.3404859398447334
122,10,12781,12784,LUV,"(482,)","(473,)",-0.32166554598475056
122,10,12784,12781,LUV,"(482,)","(473,)",-0.32166554598475056
122,10,12795,12797,LUV,"(428,)","(158,)",0.12019142356655882
122,10,12796,12760,LUV,"(96,)","(118,)",0.3408460402623539
122,11,12781,12784,LUV,"(481,)","(472,)",-0.31937865097922624
122,11,12784,12781,LUV,"(481,)","(473,)",-0.3218064119034615
122,11,12795,12797,LUV,"(427,)","(159,)",0.12416666610291285
122,11,12797,12795,LUV,"(426,)","(158,)",0.12454571912864033
122,12,12784,12781,LUV,"(480,)","(472,)",-0.3194607408621158
122,12,12795,12797,LUV,"(427,)","(159,)",0.12416666610291285
122,12,12796,12760,LUV,"(99,)","(118,)",0.34560940829159364
122,12,12795,12795,INF,"(426,)","(158,)",0.12454571912864033
122,13,12760,12796,LUV,"(99,)","(118,)",0.34560940829159364
122,13,12781,12784,LUV,"(479,)","(473,)",-0.321957860151018
122,13,12784,12781,LUV,"(480,)","(472,)",-0.3194607408621158
122,13,12796,12760,LUV,"(100,)","(119,)",0.34915631507952793
122,14,12760,12796,LUV,"(100,)","(119,)",0.34915631507952793
122,14,12781,12784,WIN,"(479,)","(473,)",-0.321957860151018
122,14,12796,12760,LUV,"(101,)","(120,)",0.3527070864188232
122,15,12760,12796,LUV,"(100,)","(119,)",0.34915631507952793
122,15,12796,12760,ESC,"(101,)","(120,)",0.3527070864188232
123,2,12859,12832,LUV,"(482,)","(299,)",0.07347625501327801
123,2,12884,12864,WAR,"(483,)","(270,)",0.10896590752965953
123,3,12859,12832,LUV,"(480,)","(300,)",0.07355671875000001
123,4,12881,12893,LUV,"(449,)","(197,)",0.1393842311543016
124,1,12983,12992,LUV,"(409,)","(286,)",0.22160856903006595
124,1,12992,12983,LUV,"(409,)","(287,)",0.2203431733845862
124,2,12925,12986,STL,"(412,)","(75,)",0.009918598034865167
124,2,12983,12992,LUV,"(408,)","(287,)",0.22281530094489865
124,2,12986,12925,INF,"(411,)","(76,)",0.013654589605667605
124,2,12992,12983,LUV,"(407,)","(288,)",0.2240033766151084
124,5,12950,12985,LUV,"(303,)","(391,)",0.31216393593699304
124,8,12961,12991,LUV,"(29,)","(142,)",0.28907658204234365
124,8,12991,12961,WAR,"(29,)","(143,)",0.2898488588725507
125,2,13109,13095,LUV,"(330,)","(392,)",0.22052040862248906
125,3,13058,13100,LUV,"(312,)","(314,)",0.4467582765118135
125,11,13100,13058,LUV,"(314,)","(313,)",0.44258205967163783
125,12,13058,13100,LUV,"(313,)","(313,)",0.445526783563835
125,12,13100,13058,LUV,"(313,)","(314,)",0.4438173463023417
125,13,13058,13100,LUV,"(314,)","(314,)",0.4408686234073549
125,15,13100,13058,LUV,"(313,)","(313,)",0.445526783563835
125,21,13100,13058,LUV,"(312,)","(314,)",0.4467582765118135
125,24,13100,13058,LUV,"(313,)","(313,)",0.445526783563835
125,25,13058,13100,LUV,"(313,)","(313,)",0.445526783563835
125,25,13100,13058,LUV,"(313,)","(314,)",0.4438173463023417
125,26,13058,13100,LUV,"(312,)","(313,)",0.4484636649210564
125,27,13058,13100,LUV,"(313,)","(314,)",0.4438173463023417
125,27,13100,13058,LUV,"(312,)","(313,)",0.4484636649210564
125,32,13100,13058,LUV,"(313,)","(314,)",0.4438173463023417
125,33,13058,13100,LUV,"(313,)","(315,)",0.4420900378964119
127,1,13237,13300,LUV,"(64,)","(193,)",0.3556411813189443
127,3,13237,13300,LUV,"(65,)","(193,)",0.3577165760935332
128,4,13344,13412,LUV,"(327,)","(481,)",-0.03914292155648015
128,4,13358,13407,WAR,"(321,)","(410,)",0.20759500756371826
128,4,13412,13344,LUV,"(326,)","(480,)",-0.03175257430643565
128,7,13398,13373,WAR,"(185,)","(167,)",0.5652031929096537
128,8,13373,13398,INF,"(184,)","(168,)",0.5661087496925902
130,1,13547,13591,LUV,"(366,)","(357,)",0.19526598761797365
130,7,13549,13610,STL,"(47,)","(280,)",0.22492643748959928
130,8,13610,13610,INF,"(49,)","(280,)",0.2305125066812478
131,1,13745,13705,LUV,"(198,)","(290,)",0.6324899815920235
132,1,13763,13772,STL,"(452,)","(368,)",-0.03380504392568552
132,1,13772,13763,INF,"(451,)","(368,)",-0.03217754502022532
132,3,13819,13828,LUV,"(408,)","(154,)",0.1595779452984734
132,4,13819,13828,LUV,"(406,)","(152,)",0.16080041401906933
133,6,13953,13877,LUV,"(88,)","(163,)",0.3924488175696814
133,7,13882,13929,WAR,"(158,)","(70,)",0.32428112318269503
133,9,13877,13953,LUV,"(89,)","(166,)",0.3971169010923996
133,9,13882,13929,WIN,"(158,)","(70,)",0.32428112318269503
133,10,13877,13953,LUV,"(90,)","(167,)",0.3999976169344464
133,17,13944,13893,WAR,"(304,)","(25,)",0.2254778776192134
133,19,13893,13944,INF,"(306,)","(25,)",0.22179629665811332
135,1,14122,14078,WAR,"(340,)","(489,)",-0.11363279333245369
135,2,14135,14163,LUV,"(459,)","(337,)",0.027389037692153687
135,3,14078,14078,INF,"(341,)","(491,)",-0.12472254084912646
135,3,14135,14163,WAR,"(461,)","(336,)",0.026695220070779277
135,3,14163,14135,INF,"(460,)","(335,)",0.030285381575981513
135,7,14103,14104,WAR,"(120,)","(342,)",0.3995646914772706
135,16,14116,14125,INF,"(233,)","(159,)",0.5536910983326013
136,5,14214,14216,LUV,"(68,)","(130,)",0.31941807628338414
136,5,14270,14223,STL,"(265,)","(205,)",0.5923129940906278
136,6,14216,14214,LUV,"(67,)","(131,)",0.3194887612090524
136,6,14270,14223,WIN,"(263,)","(204,)",0.5944105857897772
136,8,14274,14261,WAR,"(120,)","(137,)",0.4168263134832079
136,11,14241,14241,INF,"(308,)","(147,)",0.40275052426566743
137,1,14364,14301,LUV,"(159,)","(334,)",0.5219519406383117
137,2,14301,14364,LUV,"(159,)","(335,)",0.5209019849328502
137,2,14360,14336,LUV,"(56,)","(342,)",0.1759032796942247
137,3,14360,14336,WAR,"(56,)","(344,)",0.17434421401182976
137,4,14290,14297,LUV,"(394,)","(328,)",0.1871587664811616
137,4,14336,14360,INF,"(55,)","(344,)",0.1711019121636974
137,8,14314,14318,LUV,"(276,)","(314,)",0.5428993813601724
137,9,14301,14364,LUV,"(163,)","(328,)",0.5375958763745192
137,9,14364,14301,LUV,"(162,)","(327,)",0.5363871914217861
138,4,14427,14480,LUV,"(394,)","(427,)",-0.0549471547012343
138,5,14399,14389,WAR,"(182,)","(458,)",0.41318270388975953
138,6,14389,14399,INF,"(183,)","(457,)",0.4150450222449832
138,8,14409,14474,LUV,"(20,)","(372,)",0.05383033474464438
138,9,14409,14474,LUV,"(21,)","(373,)",0.05622166912307014
138,12,14388,14460,LUV,"(237,)","(441,)",0.3892438928978235
138,13,14460,14388,LUV,"(235,)","(441,)",0.39345183117170507
138,14,14388,14460,LUV,"(236,)","(441,)",0.3913669959030239
138,15,14460,14388,LUV,"(236,)","(440,)",0.39373445298661014
138,16,14388,14460,LUV,"(236,)","(441,)",0.3913669959030239
138,17,14460,14388,LUV,"(239,)","(440,)",0.38729122277050987
138,18,14388,14460,LUV,"(239,)","(440,)",0.38729122277050987
138,21,14388,14460,LUV,"(239,)","(441,)",0.3848843668132897
138,21,14460,14388,LUV,"(238,)","(441,)",0.3870828910704427
138,22,14388,14460,LUV,"(238,)","(441,)",0.3870828910704427
141,5,14721,14781,WAR,"(113,)","(461,)",0.32066484294267417
141,7,14747,14714,STL,"(173,)","(422,)",0.46141245655878754
141,9,14780,14725,LUV,"(478,)","(117,)",-0.024850140855683267
141,10,14725,14780,LUV,"(479,)","(116,)",-0.027071120639868246
141,13,14732,14756,INF,"(478,)","(487,)",-0.3554667361483899
141,14,14706,14743,LUV,"(473,)","(145,)",0.030232846612742142
141,15,14706,14743,LUV,"(472,)","(144,)",0.02905020503033906
144,2,15036,15055,LUV,"(165,)","(48,)",0.2856445586943129
144,3,15036,15055,LUV,"(165,)","(46,)",0.28161108669478574
144,5,15036,15055,LUV,"(167,)","(46,)",0.284155294218418
144,6,15079,15080,LUV,"(140,)","(57,)",0.2701741465550248
144,11,15079,15080,LUV,"(142,)","(61,)",0.28217302586571935
144,11,15080,15079,LUV,"(143,)","(62,)",0.2858933101866044
144,12,15080,15080,INF,"(142,)","(61,)",0.28217302586571935
145,2,15161,15186,WAR,"(332,)","(264,)",0.44863573519817734
145,3,15204,15218,LUV,"(79,)","(253,)",0.35453938547983566
145,5,15170,15192,LUV,"(257,)","(260,)",0.6299003920716449
145,8,15204,15218,LUV,"(81,)","(251,)",0.36268819325372614
145,9,15204,15218,LUV,"(80,)","(249,)",0.3616938180304113
145,10,15204,15218,LUV,"(79,)","(248,)",0.3597083789697561
146,1,15267,15231,LUV,"(488,)","(420,)",-0.1922557222350443
146,7,15282,15289,STL,"(333,)","(156,)",0.3568834592625446
146,11,15243,15265,INF,"(380,)","(424,)",-0.010819014651722613
147,4,15377,15392,STL,"(16,)","(457,)",0.05838394917901898
147,4,15392,15377,INF,"(16,)","(458,)",0.05920306878479431
148,1,15466,15467,WAR,"(88,)","(388,)",0.26409444776811897
148,1,15467,15466,INF,"(89,)","(387,)",0.26776187983223443
148,1,15485,15509,LUV,"(241,)","(449,)",0.3598429347925329
148,8,15476,15450,STL,"(259,)","(175,)",0.5564738876254651
148,9,15523,15472,WAR,"(128,)","(92,)",0.33408211730551224
149,1,15580,15606,STL,"(477,)","(261,)",0.12086510863038355
149,1,15606,15580,INF,"(477,)","(261,)",0.12086510863038355
149,3,15616,15631,STL,"(189,)","(360,)",0.5436579716589753
149,6,15631,15616,INF,"(188,)","(360,)",0.5426885598654655
149,8,15570,15560,LUV,"(169,)","(372,)",0.5037526706391275
149,9,15560,15570,LUV,"(170,)","(371,)",0.5064313996367318
149,9,15570,15560,WAR,"(171,)","(372,)",0.5070829032918153
149,11,15639,15608,LUV,"(372,)","(383,)",0.11498742046044994
149,14,15583,15583,INF,"(472,)","(341,)",0.0021232036641484348
150,7,15677,15650,WAR,"(126,)","(186,)",0.494799560173315
150,13,15714,15692,LUV,"(331,)","(196,)",0.4270765683715452
150,14,15686,15727,INF,"(354,)","(111,)",0.2141282854623653
150,14,15692,15714,LUV,"(332,)","(195,)",0.4231004530451893
150,14,15714,15692,LUV,"(332,)","(195,)",0.4231004530451893
150,15,15692,15714,LUV,"(333,)","(194,)",0.41910356165808815
150,15,15714,15692,LUV,"(332,)","(195,)",0.4231004530451893
150,16,15714,15714,INF,"(333,)","(194,)",0.41910356165808815
151,4,15822,15780,LUV,"(363,)","(351,)",0.21789974078404983
151,6,15843,15779,WAR,"(262,)","(178,)",0.5572624367606498
151,12,15783,15829,INF,"(34,)","(30,)",0.07957938675691276
152,5,15920,15947,WAR,"(479,)","(73,)",-0.09671865871771887
153,6,16035,15970,LUV,"(48,)","(204,)",0.3195239569592039
153,7,15970,16035,LUV,"(48,)","(205,)",0.318912328909156
153,8,15970,16035,LUV,"(49,)","(206,)",0.3202469819647366
154,9,16099,16125,INF,"(78,)","(409,)",0.22686015399409534
154,10,16077,16154,LUV,"(478,)","(332,)",0.015607168056577886
154,10,16154,16077,STL,"(478,)","(332,)",0.015607168056577886
155,1,16228,16266,LUV,"(100,)","(140,)",0.3861470911254883
155,1,16258,16188,STL,"(117,)","(304,)",0.4263926180212104
155,1,16274,16239,INF,"(428,)","(188,)",0.16841933985668742
155,3,16228,16266,LUV,"(99,)","(142,)",0.3874340622959826
155,5,16266,16228,WAR,"(98,)","(143,)",0.3871283638261265
155,12,16222,16196,WAR,"(67,)","(0,)",0.029951693507271983
155,14,16196,16196,INF,"(67,)","(0,)",0.029951693507271983
156,7,16286,16282,LUV,"(371,)","(211,)",0.3344787353063427
156,8,16282,16286,LUV,"(370,)","(211,)",0.3371094153951809
156,10,16347,16360,LUV,"(31,)","(485,)",0.12224692288346599
156,10,16360,16347,LUV,"(31,)","(485,)",0.12224692288346599
156,11,16347,16360,LUV,"(30,)","(484,)",0.11881364724724658
156,11,16360,16347,LUV,"(31,)","(483,)",0.12002365556838145
156,12,16347,16360,LUV,"(32,)","(483,)",0.12235906237848476
156,13,16347,16360,LUV,"(31,)","(482,)",0.11893067871612131
156,14,16282,16286,LUV,"(370,)","(205,)",0.33166776918973295
156,14,16286,16282,LUV,"(371,)","(206,)",0.3300101502824572
156,14,16358,16358,INF,"(319,)","(189,)",0.4498303642058307
156,14,16347,16360,LUV,"(30,)","(481,)",0.1154958923225178
156,15,16286,16286,INF,"(370,)","(205,)",0.33166776918973295
156,15,16347,16360,LUV,"(29,)","(480,)",0.11205613191513636
156,15,16360,16347,LUV,"(28,)","(480,)",0.10970338043074429
156,16,16360,16360,INF,"(29,)","(480,)",0.11205613191513636
157,1,16417,16450,LUV,"(482,)","(11,)",-0.14128591033025195
157,1,16436,16416,LUV,"(123,)","(9,)",0.13855047822617414
157,2,16416,16436,LUV,"(122,)","(9,)",0.13670612555391617
157,3,16388,16450,STL,"(480,)","(9,)",-0.1406755574484964
157,7,16438,16395,STL,"(66,)","(428,)",0.1872372344025679
157,8,16397,16427,STL,"(39,)","(84,)",0.20857765747687051
157,8,16395,16395,INF,"(64,)","(430,)",0.18111366233868575
157,13,16388,16417,LUV,"(484,)","(10,)",-0.14232770649157328
157,14,16412,16424,INF,"(56,)","(230,)",0.31559074005548243
158,8,16511,16543,LUV,"(67,)","(333,)",0.22029946796779087
158,8,16543,16511,STL,"(66,)","(333,)",0.21690253486424804
158,9,16564,16554,LUV,"(7,)","(366,)",0.02238744493838396
158,10,16511,16543,INF,"(65,)","(332,)",0.2144565712230574
158,10,16554,16564,LUV,"(6,)","(367,)",0.01949581520409205
159,8,16610,16647,LUV,"(474,)","(290,)",0.09410561227481742
159,8,16621,16636,LUV,"(383,)","(353,)",0.1589882933237788
159,8,16656,16622,WIN,"(235,)","(280,)",0.6439909014179196
159,9,16610,16647,LUV,"(472,)","(289,)",0.09760625254770942
159,9,16647,16610,LUV,"(472,)","(288,)",0.098944115766083
159,10,16610,16647,LUV,"(472,)","(288,)",0.098944115766083
159,10,16647,16610,LUV,"(472,)","(287,)",0.10025887827102631
159,11,16610,16647,LUV,"(472,)","(287,)",0.10025887827102631
159,11,16647,16610,LUV,"(472,)","(287,)",0.10025887827102631
159,12,16610,16647,LUV,"(472,)","(287,)",0.10025887827102631
159,12,16610,16610,INF,"(472,)","(287,)",0.10025887827102631
163,9,17031,17022,LUV,"(466,)","(385,)",-0.09425958528450708
164,1,17130,17159,STL,"(407,)","(36,)",-0.011672872269764815
164,2,17159,17159,INF,"(408,)","(37,)",-0.013692986463545432
164,9,17166,17139,LUV,"(110,)","(127,)",0.38103052448028696
164,10,17139,17166,LUV,"(111,)","(126,)",0.3808211290521005
164,10,17166,17139,LUV,"(111,)","(126,)",0.3808211290521005
164,11,17139,17166,LUV,"(112,)","(127,)",0.3844230197833666
164,12,17139,17166,LUV,"(113,)","(126,)",0.3841983056845098
164,13,17139,17166,LUV,"(114,)","(125,)",0.3839425739050811
164,15,17178,17116,INF,"(218,)","(369,)",0.538162849930599
165,4,17237,17288,STL,"(14,)","(71,)",0.17183869399148274
165,5,17241,17275,STL,"(155,)","(437,)",0.4232277252493809
165,6,17311,17305,LUV,"(212,)","(185,)",0.6080705299217928
165,9,17305,17311,LUV,"(214,)","(185,)",0.6081259178487973
165,10,17311,17305,LUV,"(214,)","(186,)",0.6096816893344954
166,7,17370,17401,WAR,"(43,)","(67,)",0.17329544738520883
166,7,17400,17334,LUV,"(322,)","(382,)",0.2705665450477268
166,7,17401,17370,INF,"(43,)","(68,)",0.17560084041298155
167,7,17521,17445,WAR,"(457,)","(286,)",0.12135580513288227
168,2,17561,17556,WAR,"(235,)","(359,)",0.5399398533187102
168,5,17561,17556,ESC,"(234,)","(364,)",0.5328272150528552
168,6,17556,17561,INF,"(233,)","(363,)",0.5355993034404543
169,10,17684,17665,WAR,"(274,)","(283,)",0.5857398985722495
169,14,17728,17726,INF,"(350,)","(456,)",-0.02202553421337519
171,7,17949,17898,LUV,"(51,)","(388,)",0.14086133783262844
171,8,17949,17898,LUV,"(50,)","(386,)",0.1379368096524255
171,9,17898,17949,LUV,"(51,)","(385,)",0.14118359361256427
171,10,17898,17949,LUV,"(53,)","(387,)",0.1472607645329288
171,10,17949,17898,LUV,"(52,)","(388,)",0.14400233863329137
171,11,17949,17898,LUV,"(51,)","(387,)",0.1409598523464466
172,1,17980,18031,WAR,"(36,)","(480,)",0.12872544104334205
172,2,18031,17980,INF,"(34,)","(479,)",0.12291199766343291
174,3,18259,18193,LUV,"(452,)","(82,)",-0.06037095756346547
174,4,18193,18259,LUV,"(452,)","(82,)",-0.06037095756346547
174,11,18201,18264,LUV,"(139,)","(18,)",0.18590085426780598
174,11,18264,18201,LUV,"(139,)","(19,)",0.18788629350676286
174,12,18201,18264,LUV,"(140,)","(19,)",0.18964345576330285
175,1,18301,18323,LUV,"(408,)","(250,)",0.2518670535632812
175,5,18322,18276,LUV,"(440,)","(391,)",-0.06913413474539251
175,5,18323,18301,LUV,"(407,)","(250,)",0.2543441680933514
175,6,18322,18276,WAR,"(442,)","(390,)",-0.07041845404893363
175,6,18323,18301,LUV,"(407,)","(248,)",0.2548206929850011
175,11,18301,18323,LUV,"(409,)","(253,)",0.24846501964798817
176,1,18381,18456,LUV,"(47,)","(339,)",0.14988121971972113
177,1,18585,18557,INF,"(223,)","(16,)",0.2847368175315045
177,4,18518,18496,STL,"(268,)","(412,)",0.3754885903928085
177,8,18504,18486,LUV,"(374,)","(366,)",0.15149423670757323
177,9,18486,18504,LUV,"(374,)","(367,)",0.1490502773844196
177,9,18504,18486,LUV,"(373,)","(367,)",0.1517625797247355
177,10,18504,18486,LUV,"(372,)","(368,)",0.15204130343738498
177,11,18504,18486,LUV,"(371,)","(369,)",0.1523309206121325
177,12,18580,18492,INF,"(480,)","(446,)",-0.2541968027689125
179,1,18776,18786,STL,"(422,)","(353,)",0.06228447683365511
179,3,18725,18723,STL,"(189,)","(23,)",0.2694488306679823
179,4,18723,18725,INF,"(190,)","(24,)",0.2720258745689724
179,8,18789,18743,LUV,"(214,)","(235,)",0.6572682564735661
179,9,18743,18789,LUV,"(213,)","(235,)",0.6570865000973362
179,11,18692,18776,LUV,"(418,)","(352,)",0.07404266135829335
180,2,18831,18868,STL,"(374,)","(435,)",-0.0257076540992035
180,4,18831,18868,WIN,"(374,)","(433,)",-0.019902652196159228
180,15,18818,18840,ESC,"(481,)","(308,)",0.05937433864602122
180,15,18842,18863,INF,"(162,)","(334,)",0.5289203866980631
182,8,19065,19006,LUV,"(176,)","(413,)",0.4737568952940594
182,9,19065,19006,LUV,"(176,)","(415,)",0.4716867629856069
182,10,19006,19065,LUV,"(175,)","(414,)",0.47176416750466615
182,10,19065,19006,LUV,"(174,)","(414,)",0.47075780060333733
182,11,19006,19065,LUV,"(174,)","(414,)",0.47075780060333733
182,11,19065,19006,LUV,"(175,)","(413,)",0.47278265840374806
182,12,19006,19065,LUV,"(176,)","(413,)",0.4737568952940594
182,13,19006,19065,LUV,"(175,)","(412,)",0.47379311295275617
182,14,19006,19065,LUV,"(174,)","(411,)",0.4737534490415724
182,15,19006,19065,LUV,"(173,)","(410,)",0.47363907280521444
182,15,19065,19006,LUV,"(172,)","(411,)",0.47153622482048396
182,16,19065,19065,INF,"(173,)","(410,)",0.47363907280521444
183,4,19141,19124,LUV,"(488,)","(460,)",-0.2891215285250888
183,5,19124,19141,LUV,"(488,)","(460,)",-0.2891215285250888
183,5,19141,19124,LUV,"(489,)","(459,)",-0.2864717300439409
183,6,19124,19141,LUV,"(490,)","(459,)",-0.28619452502118803
183,6,19141,19156,LUV,"(488,)","(457,)",-0.28186538908859016
183,6,19156,19124,LUV,"(490,)","(459,)",-0.28619452502118803
183,7,19124,19156,LUV,"(491,)","(458,)",-0.283497490997002
183,7,19156,19124,LUV,"(491,)","(458,)",-0.283497490997002
183,8,19124,19156,LUV,"(492,)","(457,)",-0.2807815036509248
183,8,19156,19124,LUV,"(492,)","(457,)",-0.2807815036509248
183,9,19124,19156,LUV,"(492,)","(457,)",-0.2807815036509248
183,9,19147,19133,LUV,"(366,)","(415,)",0.05162653129229542
183,9,19156,19124,LUV,"(492,)","(457,)",-0.2807815036509248
183,10,19156,19156,INF,"(492,)","(457,)",-0.2807815036509248
183,10,19133,19147,LUV,"(366,)","(414,)",0.05421120958752048
183,10,19147,19133,LUV,"(365,)","(414,)",0.05708295856684807
184,3,19245,19261,STL,"(456,)","(32,)",-0.11217599918183684
184,4,19261,19261,INF,"(455,)","(32,)",-0.11082783456064378
184,10,19266,19253,LUV,"(323,)","(464,)",0.03970821867260491
184,11,19253,19266,LUV,"(323,)","(463,)",0.04334154345864726
184,11,19266,19253,LUV,"(324,)","(463,)",0.039828585105131625
184,12,19266,19253,LUV,"(324,)","(465,)",0.032541093863688114
185,4,19421,19357,INF,"(379,)","(187,)",0.28691548866159194
186,2,19498,19450,WAR,"(325,)","(279,)",0.45691265288671684
186,4,19441,19518,WAR,"(38,)","(419,)",0.10137571475612865
186,4,19450,19498,INF,"(325,)","(280,)",0.4559171580991743
186,5,19441,19518,WIN,"(40,)","(419,)",0.10716199746818936
186,13,19494,19426,ESC,"(69,)","(207,)",0.3629465543900827
187,4,19589,19572,LUV,"(86,)","(400,)",0.2549506723908125
187,5,19572,19589,LUV,"(86,)","(399,)",0.2551260078810925
187,5,19589,19572,LUV,"(86,)","(399,)",0.2551260078810925
187,13,19600,19539,WIN,"(332,)","(221,)",0.4479983998904974
188,1,19639,19660,LUV,"(350,)","(343,)",0.2740058060161912
188,12,19734,19734,INF,"(71,)","(126,)",0.31748449863194916
191,15,19952,19978,INF,"(191,)","(37,)",0.2936642547798377
192,1,20139,20131,LUV,"(30,)","(73,)",0.18057219418422357
192,2,20131,20139,LUV,"(29,)","(73,)",0.18019314268187747
192,2,20139,20131,LUV,"(29,)","(72,)",0.17798739339407826
192,3,20131,20139,LUV,"(30,)","(72,)",0.17836267009278892
192,9,20139,20092,LUV,"(26,)","(76,)",0.18565314411597889
192,12,20073,20082,LUV,"(442,)","(347,)",0.03371067339733834
192,16,20063,20078,INF,"(38,)","(339,)",0.12289003754744687
193,2,20183,20168,STL,"(391,)","(72,)",0.05835725138623001
193,8,20197,20222,WAR,"(359,)","(456,)",-0.04926799041734667
193,8,20222,20197,INF,"(359,)","(456,)",-0.04926799041734667
193,9,20179,20253,WIN,"(159,)","(161,)",0.5242219805174327
194,4,20319,20307,STL,"(271,)","(140,)",0.4659772679833655
194,6,20307,20307,INF,"(269,)","(136,)",0.4606233363871364
194,7,20320,20334,STL,"(55,)","(26,)",0.08191617232765168
194,9,20334,20320,INF,"(56,)","(24,)",0.07779513469199173
194,10,20355,20293,INF,"(171,)","(331,)",0.5511133358392309
195,1,20472,20454,INF,"(154,)","(2,)",0.18303449720855092
195,11,20434,20422,STL,"(180,)","(266,)",0.6251253137996085
195,13,20422,20422,INF,"(177,)","(264,)",0.621008425914036
196,15,20486,20486,INF,"(307,)","(414,)",0.24593944246171304
198,1,20694,20744,LUV,"(62,)","(401,)",0.1750183985626463
199,7,20878,20832,LUV,"(408,)","(9,)",-0.019813023572061782
199,9,20824,20869,INF,"(106,)","(278,)",0.41599986534044053
199,11,20883,20845,INF,"(364,)","(286,)",0.33748867628277657
200,1,20957,20899,STL,"(304,)","(329,)",0.44290936726816466
200,3,20899,20899,INF,"(303,)","(326,)",0.45149117759368385
200,5,20980,20983,LUV,"(253,)","(173,)",0.5611509437174172
200,5,20983,20980,LUV,"(252,)","(173,)",0.5624372694499862
200,6,20983,20980,LUV,"(251,)","(175,)",0.5673561407035179
202,1,21130,21108,WAR,"(110,)","(375,)",0.34371225519010895
202,2,21121,21199,LUV,"(27,)","(380,)",0.0710558750309912
202,3,21121,21199,LUV,"(28,)","(381,)",0.07367186958299188
202,3,21199,21121,LUV,"(27,)","(380,)",0.0710558750309912
202,10,21121,21199,LUV,"(31,)","(383,)",0.08179627492718622
202,10,21199,21121,LUV,"(31,)","(383,)",0.08179627492718622
202,11,21121,21199,LUV,"(30,)","(383,)",0.07898685463093313
202,11,21199,21121,LUV,"(31,)","(383,)",0.08179627492718622
202,12,21121,21199,LUV,"(30,)","(383,)",0.07898685463093313
202,12,21140,21189,LUV,"(58,)","(260,)",0.2845810661794931
202,12,21121,21121,INF,"(31,)","(383,)",0.08179627492718622
202,13,21140,21189,LUV,"(59,)","(261,)",0.2860397921443039
202,14,21140,21189,LUV,"(59,)","(262,)",0.28468747582977755
202,15,21140,21189,LUV,"(59,)","(263,)",0.28332877313473576
202,15,21189,21140,LUV,"(59,)","(264,)",0.281964043748238
202,16,21140,21189,WIN,"(59,)","(263,)",0.28332877313473576
203,3,21280,21289,STL,"(387,)","(385,)",0.07027459612920949
203,3,21289,21280,INF,"(386,)","(384,)",0.07533775461624392
203,5,21234,21247,WAR,"(374,)","(163,)",0.26160676420883044
204,2,21416,21416,INF,"(437,)","(50,)",-0.07085020633891585
204,9,21352,21352,INF,"(246,)","(407,)",0.4396671259684716
204,10,21383,21383,INF,"(49,)","(314,)",0.18271611832799228
205,8,21468,21426,STL,"(114,)","(185,)",0.4667053503172042
206,4,21584,21526,WAR,"(79,)","(77,)",0.2292846823073107
206,4,21623,21542,LUV,"(262,)","(132,)",0.46282936333906943
206,6,21526,21584,INF,"(79,)","(79,)",0.23390914351211842
206,6,21595,21590,LUV,"(276,)","(357,)",0.4650580594965124
206,8,21558,21532,STL,"(496,)","(164,)",0.05782525434047028
206,11,21558,21532,ESC,"(493,)","(165,)",0.05903253296737941
206,12,21532,21558,INF,"(494,)","(165,)",0.059114812689187
207,6,21675,21657,LUV,"(17,)","(59,)",0.14543235973606358
207,7,21657,21675,LUV,"(17,)","(58,)",0.14311672747768883
207,11,21729,21658,STL,"(398,)","(102,)",0.0861004239761916
208,1,21742,21840,WIN,"(207,)","(178,)",0.5960503684809872
208,1,21779,21799,LUV,"(129,)","(111,)",0.37889628080571314
208,2,21773,21807,LUV,"(206,)","(196,)",0.6226558529599919
208,2,21798,21794,WAR,"(82,)","(378,)",0.24593832094228552
208,2,21799,21776,LUV,"(126,)","(115,)",0.38294376580387196
208,2,21807,21773,LUV,"(207,)","(196,)",0.6229544123351439
208,3,21776,21799,LUV,"(127,)","(116,)",0.3866777750405675
208,3,21794,21798,INF,"(82,)","(377,)",0.24623458303328782
208,4,21776,21799,LUV,"(126,)","(114,)",0.38078241847882666
208,5,21765,21756,WAR,"(314,)","(415,)",0.21943014342268827
208,5,21807,21773,LUV,"(206,)","(195,)",0.6213510850432878
208,6,21751,21748,LUV,"(26,)","(133,)",0.27867020958563027
208,7,21751,21748,STL,"(27,)","(132,)",0.27839751199872903
208,9,21799,21776,LUV,"(124,)","(115,)",0.37977255922898834
209,3,21911,21921,LUV,"(382,)","(315,)",0.243652324090485
209,9,21882,21881,INF,"(229,)","(121,)",0.47178861533437927
211,13,22071,22148,STL,"(303,)","(339,)",0.4261144199715515
212,10,22196,22200,LUV,"(479,)","(380,)",-0.0942759366834372
212,10,22218,22219,INF,"(453,)","(264,)",0.14936558336287561
213,1,22354,22348,LUV,"(298,)","(494,)",0.010086652844790212
213,2,22329,22314,WAR,"(389,)","(216,)",0.2919521657864419
213,3,22314,22329,INF,"(389,)","(217,)",0.2926313670063997
213,3,22354,22348,WAR,"(296,)","(494,)",0.01738980714259923
213,6,22278,22328,STL,"(262,)","(345,)",0.5205010360880051
213,6,22328,22278,INF,"(263,)","(344,)",0.5202422759522997
214,2,22391,22443,LUV,"(45,)","(132,)",0.2942517522151152
214,8,22426,22461,WAR,"(409,)","(110,)",0.07304909377259286
215,7,22527,22489,LUV,"(216,)","(291,)",0.6407385774562144
215,8,22489,22527,LUV,"(216,)","(291,)",0.6407385774562144
215,8,22527,22489,LUV,"(215,)","(292,)",0.6397146809812677
215,9,22489,22527,LUV,"(215,)","(292,)",0.6397146809812677
215,9,22527,22489,LUV,"(214,)","(293,)",0.638633825655031
215,10,22489,22527,LUV,"(213,)","(292,)",0.6393280177574503
216,2,22590,22582,LUV,"(322,)","(132,)",0.3374714457987149
216,16,22643,22610,WIN,"(396,)","(245,)",0.28277737715827467
218,3,22883,22874,STL,"(455,)","(16,)",-0.1151680137907464
218,4,22874,22874,INF,"(453,)","(15,)",-0.11243808140226218
219,5,22967,22952,WAR,"(357,)","(16,)",0.10736829725345254
219,7,22967,22952,WIN,"(358,)","(17,)",0.10507387861088933
219,15,22964,22967,LUV,"(361,)","(21,)",0.09840585438718277
219,16,22967,22964,LUV,"(363,)","(22,)",0.09368727883628629
219,22,22967,22964,WAR,"(366,)","(19,)",0.0857470725575099
220,3,23077,23063,LUV,"(311,)","(373,)",0.3272320358641224
221,1,23123,23137,WAR,"(464,)","(46,)",-0.1137477817824166
221,9,23198,23194,LUV,"(165,)","(165,)",0.539488089274679
221,10,23198,23194,LUV,"(164,)","(166,)",0.5397797840947542
221,11,23194,23198,LUV,"(165,)","(167,)",0.5428134115596417
221,12,23194,23198,WAR,"(164,)","(168,)",0.5430511125061773
222,12,23278,23226,INF,"(162,)","(103,)",0.4056740236160101
222,16,23236,23292,WIN,"(168,)","(128,)",0.46967066549802755
223,4,23338,23316,LUV,"(160,)","(39,)",0.2609405155608468
223,5,23316,23338,LUV,"(161,)","(40,)",0.26431516261404064
225,3,23607,23616,STL,"(455,)","(345,)",0.015611772425683498
225,4,23587,23567,STL,"(352,)","(205,)",0.37989180025726527
225,5,23549,23552,WAR,"(448,)","(194,)",0.13753090646434762
225,6,23552,23552,INF,"(450,)","(192,)",0.13185330863474998
225,6,23570,23590,LUV,"(444,)","(144,)",0.06300784982297886
226,2,23646,23641,LUV,"(360,)","(267,)",0.3673064283054996
226,4,23641,23646,LUV,"(362,)","(265,)",0.36321802382710633
226,7,23707,23651,WAR,"(405,)","(56,)",0.0064416817391483375
226,11,23676,23664,LUV,"(343,)","(47,)",0.1537895439290806
226,12,23664,23676,LUV,"(343,)","(47,)",0.1537895439290806
226,14,23679,23690,WIN,"(52,)","(122,)",0.2880556912569141
227,1,23756,23807,WAR,"(173,)","(278,)",0.6059234339098346
227,2,23807,23807,INF,"(171,)","(278,)",0.6020244345824973
227,3,23765,23734,WAR,"(279,)","(190,)",0.5463232939357423
227,16,23804,23759,ESC,"(277,)","(148,)",0.47232301212130445
227,17,23759,23804,INF,"(276,)","(149,)",0.47631123843781153
228,1,23925,23930,LUV,"(251,)","(179,)",0.5744697880224404
228,1,23930,23939,WIN,"(248,)","(182,)",0.5832023636205985
228,5,23888,23893,LUV,"(117,)","(497,)",0.3045974982042322
228,5,23893,23888,STL,"(117,)","(498,)",0.3036997037108991
228,6,23888,23893,INF,"(117,)","(499,)",0.3027896317391594
228,17,23925,23925,INF,"(246,)","(180,)",0.582032492228336
229,11,23951,23951,INF,"(72,)","(342,)",0.2298035481816636
229,13,23962,23967,WAR,"(491,)","(174,)",0.07264227111740655
229,15,23962,23967,WIN,"(493,)","(177,)",0.07684006115028057
230,7,24068,24070,LUV,"(13,)","(454,)",0.04865131638845972
230,8,24068,24070,LUV,"(14,)","(453,)",0.05035742741057127
230,9,24119,24063,STL,"(68,)","(14,)",0.06484326601213962
231,7,24183,24156,LUV,"(273,)","(202,)",0.5744597217020291
231,12,24183,24173,ESC,"(277,)","(202,)",0.5667162218423104
231,14,24173,24183,INF,"(278,)","(204,)",0.5671267852024242
232,3,24354,24321,LUV,"(383,)","(121,)",0.15874823264846352
232,4,24312,24256,LUV,"(327,)","(75,)",0.221947894597622
232,5,24354,24321,LUV,"(383,)","(120,)",0.1568362970238492
232,7,24256,24312,LUV,"(328,)","(73,)",0.216833398885787
232,9,24256,24312,LUV,"(328,)","(73,)",0.216833398885787
233,3,24388,24412,STL,"(203,)","(430,)",0.45752491187192124
233,4,24412,24412,INF,"(203,)","(429,)",0.4591509071794829
233,11,24365,24452,INF,"(478,)","(282,)",0.10047757894942938
234,8,24558,24557,STL,"(249,)","(81,)",0.3700405149969678
235,1,24664,24611,STL,"(260,)","(158,)",0.5220086191809248
235,3,24589,24593,LUV,"(76,)","(153,)",0.36049845213298654
235,4,24589,24593,LUV,"(74,)","(152,)",0.35605418913233133
235,4,24673,24594,INF,"(288,)","(149,)",0.45239833472431346
235,5,24589,24593,STL,"(72,)","(151,)",0.3516826716900289
235,7,24593,24589,INF,"(72,)","(151,)",0.3516826716900289
235,8,24647,24632,WAR,"(156,)","(483,)",0.35970617325656484
235,13,24587,24587,INF,"(217,)","(454,)",0.3942572799103708
236,5,24718,24739,STL,"(223,)","(147,)",0.5335868209277892
236,5,24739,24718,INF,"(223,)","(148,)",0.5357655078970447
237,1,24796,24783,LUV,"(284,)","(388,)",0.37854426113081063
237,1,24811,24837,WAR,"(443,)","(177,)",0.12269689293697313
237,2,24796,24783,LUV,"(282,)","(389,)",0.3823758084127262
237,4,24811,24837,WIN,"(443,)","(177,)",0.12269689293697313
239,10,25064,24991,WIN,"(349,)","(88,)",0.18696659867215737
239,11,25073,25037,WAR,"(258,)","(276,)",0.6206367934824755
239,12,25037,25073,INF,"(258,)","(277,)",0.6199414550516646
240,1,25131,25123,LUV,"(405,)","(458,)",-0.17408178958801085
240,2,25123,25131,WAR,"(404,)","(459,)",-0.17489371874870485
240,3,25156,25122,LUV,"(446,)","(39,)",-0.0939672152899274
240,5,25133,25120,LUV,"(417,)","(313,)",0.15990211082822917
240,5,25156,25122,LUV,"(446,)","(38,)",-0.09448545124373137
240,6,25156,25122,LUV,"(448,)","(38,)",-0.09773117474962235
240,8,25120,25133,LUV,"(418,)","(313,)",0.15751433664366474
240,9,25120,25133,WAR,"(417,)","(312,)",0.16173937649711279
241,9,25212,25273,LUV,"(188,)","(102,)",0.42608317280898333
241,11,25207,25206,ESC,"(445,)","(44,)",-0.08939906731392097
242,13,25379,25359,WIN,"(350,)","(124,)",0.24944133879316108
243,1,25417,25495,WAR,"(73,)","(371,)",0.21700434904698485
243,2,25439,25490,WAR,"(176,)","(26,)",0.25881767503806175
243,3,25470,25456,STL,"(491,)","(199,)",0.10279350157054477
243,5,25454,25444,LUV,"(479,)","(181,)",0.08609717467794167
243,6,25444,25454,LUV,"(478,)","(180,)",0.08526756724150897
243,6,25454,25444,STL,"(479,)","(181,)",0.08609717467794167
243,7,25444,25454,INF,"(478,)","(181,)",0.08665456520558448
244,13,25551,25589,WAR,"(239,)","(87,)",0.390146762298708
244,13,25589,25551,INF,"(238,)","(88,)",0.3928960177387657
245,1,25657,25708,STL,"(273,)","(169,)",0.5221056428498488
245,2,25687,25641,STL,"(124,)","(99,)",0.34422535159251855
245,8,25625,25625,INF,"(474,)","(115,)",-0.026645462631552652
245,11,25625,25625,INF,"(479,)","(115,)",-0.028912592926392297
245,12,25705,25698,INF,"(300,)","(60,)",0.2615798450317383
246,2,25789,25800,WAR,"(85,)","(346,)",0.2726729955907409
246,3,25800,25789,INF,"(83,)","(344,)",0.26702764128418277
247,4,25904,25922,WAR,"(203,)","(369,)",0.5402971925257434
247,4,25922,25904,INF,"(202,)","(368,)",0.541393188796873
247,13,25854,25854,INF,"(65,)","(434,)",0.1846719999400212
248,4,26017,26010,LUV,"(360,)","(8,)",0.09939120037396476
248,7,25970,26022,LUV,"(42,)","(477,)",0.1405912558377852
248,7,26022,25970,LUV,"(42,)","(476,)",0.13971928881999324
248,8,25970,26022,LUV,"(43,)","(475,)",0.14137582299478124
248,8,26022,25970,LUV,"(44,)","(476,)",0.14473176548495387
248,9,25986,25998,LUV,"(71,)","(116,)",0.30072336034900027
248,9,25998,25986,LUV,"(71,)","(117,)",0.3024859935588921
248,9,26022,25970,LUV,"(43,)","(475,)",0.14137582299478124
248,10,25986,25998,LUV,"(70,)","(116,)",0.29942755006521127
248,10,25998,25986,LUV,"(71,)","(117,)",0.3024859935588921
248,10,26022,25970,LUV,"(42,)","(474,)",0.13801094099873445
248,11,25986,25998,LUV,"(70,)","(116,)",0.29942755006521127
248,11,25986,25986,INF,"(71,)","(117,)",0.3024859935588921
248,11,26022,25970,LUV,"(41,)","(473,)",0.13463876354844215
249,1,26138,26048,WAR,"(375,)","(24,)",0.06434623088943182
249,2,26129,26102,LUV,"(140,)","(5,)",0.16242987523072758
249,3,26092,26111,WAR,"(103,)","(165,)",0.4248454257302781
249,3,26102,26129,LUV,"(141,)","(4,)",0.16240809244695145
249,3,26111,26092,INF,"(103,)","(164,)",0.42377875670542436
249,4,26046,26144,ESC,"(69,)","(379,)",0.2010592710711111
249,4,26144,26046,INF,"(70,)","(380,)",0.20421596434783096
250,1,26168,26226,LUV,"(387,)","(420,)",-0.018295735807765563
250,3,26168,26226,STL,"(387,)","(420,)",-0.018295735807765563
250,8,26173,26187,LUV,"(369,)","(21,)",0.07866166853402182
250,8,26187,26173,LUV,"(369,)","(22,)",0.07885196155277886
250,9,26173,26187,WAR,"(368,)","(21,)",0.08114043022201653
250,10,26187,26173,INF,"(369,)","(21,)",0.07866166853402182
252,3,26392,26454,STL,"(19,)","(69,)",0.16844395177539143
252,3,26454,26392,INF,"(20,)","(69,)",0.16867016773653645
252,7,26413,26402,STL,"(3,)","(151,)",0.27414854527666443
252,12,26386,26386,INF,"(398,)","(125,)",0.12875452409624163
254,12,26607,26617,INF,"(382,)","(437,)",-0.05285319817300356
255,3,26692,26700,STL,"(496,)","(173,)",0.07140988458269412
255,9,26731,26681,LUV,"(393,)","(436,)",-0.07786679250203012
255,10,26731,26681,LUV,"(393,)","(434,)",-0.07210315184472864
255,11,26731,26681,LUV,"(392,)","(433,)",-0.06674445636535832
255,12,26681,26731,STL,"(391,)","(433,)",-0.0642358867553457
256,1,26802,26852,STL,"(396,)","(232,)",0.28193860859933895
256,11,26853,26848,WIN,"(367,)","(306,)",0.2997439395450354
257,8,26977,26963,LUV,"(215,)","(426,)",0.4550002842653165
257,9,26963,26977,LUV,"(214,)","(425,)",0.45769144846128684
257,10,26963,26977,LUV,"(214,)","(427,)",0.4542764929568924
257,10,26977,26963,LUV,"(214,)","(428,)",0.4525379205825437
257,11,26963,26977,LUV,"(215,)","(427,)",0.45326910295031714
257,13,26908,26976,INF,"(386,)","(377,)",0.09275464316606452
258,3,27004,27087,WIN,"(312,)","(8,)",0.20518803992811321
258,4,27031,27030,LUV,"(96,)","(465,)",0.27729562649626593
258,5,27030,27031,LUV,"(96,)","(466,)",0.2771683381161872
258,5,27031,27030,LUV,"(95,)","(466,)",0.27460181083273777
258,5,27078,27007,STL,"(443,)","(359,)",0.0035844433863598396
258,6,27030,27031,LUV,"(94,)","(466,)",0.2720220751967266
258,6,27031,27030,LUV,"(94,)","(467,)",0.2719346082027929
258,9,27077,27005,STL,"(441,)","(22,)",-0.09138262494632557
258,9,27078,27007,WIN,"(448,)","(359,)",-0.005458384951178286
259,8,27097,27105,LUV,"(58,)","(473,)",0.17855518325766603
259,8,27185,27141,STL,"(170,)","(128,)",0.4717801350321644
259,9,27097,27105,LUV,"(57,)","(475,)",0.17718194861041098
259,10,27141,27185,INF,"(171,)","(128,)",0.4728025370823352
259,12,27160,27122,INF,"(226,)","(39,)",0.312795977478931
260,2,27293,27223,LUV,"(378,)","(66,)",0.08400376019410158
260,7,27293,27223,LUV,"(378,)","(69,)",0.08741951347238466
260,8,27223,27293,LUV,"(378,)","(69,)",0.08741951347238466
260,8,27293,27223,LUV,"(378,)","(68,)",0.08625936724853289
260,12,27286,27239,INF,"(54,)","(432,)",0.15058043402101698
264,12,27678,27630,INF,"(47,)","(442,)",0.13246933933079158
264,13,27633,27633,INF,"(406,)","(285,)",0.23028276822224997
265,1,27748,27804,STL,"(229,)","(65,)",0.3530854602005188
265,15,27782,27740,LUV,"(322,)","(88,)",0.25362615328036076
265,16,27740,27782,LUV,"(323,)","(87,)",0.24961080396180335
265,17,27740,27782,WAR,"(324,)","(88,)",0.2488595918971409
266,4,27891,27887,WAR,"(322,)","(311,)",0.4222364693651327
267,1,28035,27940,INF,"(11,)","(110,)",0.2425891640137747
267,3,27937,28003,STL,"(419,)","(175,)",0.16956556965702577
267,3,27961,28026,LUV,"(462,)","(3,)",-0.12566006258080398
267,3,27965,27950,LUV,"(212,)","(440,)",0.43213063054808404
268,2,28138,28081,INF,"(120,)","(113,)",0.3691115596181894
268,5,28091,28074,LUV,"(353,)","(484,)",-0.13318116686344558
268,6,28074,28091,LUV,"(354,)","(485,)",-0.13988602917081924
268,6,28091,28074,LUV,"(355,)","(485,)",-0.14273426977885625
268,12,28091,28074,LUV,"(359,)","(487,)",-0.161492356726135
268,13,28074,28091,LUV,"(358,)","(486,)",-0.15494563811201217
268,13,28091,28074,LUV,"(358,)","(486,)",-0.15494563811201217
268,14,28074,28091,LUV,"(358,)","(487,)",-0.15875037859805302
268,14,28100,28066,INF,"(353,)","(260,)",0.39116516619062053
268,15,28074,28091,LUV,"(357,)","(486,)",-0.15217219750167688
270,1,28254,28255,LUV,"(303,)","(235,)",0.5327510761125756
270,3,28254,28255,WAR,"(303,)","(234,)",0.5324347422405475
270,3,28255,28254,INF,"(302,)","(235,)",0.5353137769130836
272,1,28472,28475,LUV,"(288,)","(69,)",0.2959441894225603
272,8,28530,28466,LUV,"(495,)","(377,)",-0.09438782314119332
272,9,28466,28530,LUV,"(494,)","(377,)",-0.09419345293936142
272,9,28530,28466,LUV,"(494,)","(376,)",-0.0919121365789293
272,10,28466,28530,LUV,"(493,)","(376,)",-0.09167856571740399
272,10,28530,28466,LUV,"(493,)","(375,)",-0.08939249697420523
273,11,28600,28641,WAR,"(285,)","(396,)",0.35848090725937254
273,12,28570,28601,STL,"(224,)","(458,)",0.3719110459270723
273,12,28601,28570,INF,"(224,)","(459,)",0.36917834444299585
274,1,28671,28754,LUV,"(338,)","(2,)",0.15063359826029768
274,2,28671,28754,LUV,"(339,)","(1,)",0.1483229749492834
274,2,28741,28682,LUV,"(430,)","(166,)",0.1300728343904659
274,2,28754,28671,LUV,"(340,)","(0,)",0.14600821874999992
274,3,28671,28754,LUV,"(341,)","(1,)",0.1438157984352258
274,5,28671,28754,LUV,"(340,)","(1,)",0.1460749030916075
274,5,28754,28671,LUV,"(339,)","(0,)",0.14825320067378767
274,7,28741,28682,LUV,"(428,)","(164,)",0.1308785084323117
274,9,28751,28716,LUV,"(350,)","(170,)",0.3369357014926373
274,10,28751,28716,STL,"(351,)","(169,)",0.3325541025331822
275,6,28772,28789,WAR,"(474,)","(122,)",-0.013609592380448565
276,18,28920,28933,ESC,"(228,)","(57,)",0.3396253885471018
277,8,28988,29024,STL,"(415,)","(228,)",0.23367285088494089
277,8,29024,28988,INF,"(414,)","(227,)",0.23571001271719355
277,11,29031,29069,STL,"(120,)","(259,)",0.4785018111452192
277,11,29064,29043,WIN,"(260,)","(92,)",0.37924012399272966
278,8,29168,29118,LUV,"(324,)","(77,)",0.23187387322696615
278,9,29168,29118,STL,"(325,)","(78,)",0.23096290718154813
278,12,29118,29118,INF,"(329,)","(79,)",0.22287774176167613
279,2,29268,29220,WAR,"(127,)","(213,)",0.5115490123203685
279,4,29260,29289,STL,"(359,)","(98,)",0.17794183650491857
280,2,29386,29344,LUV,"(423,)","(190,)",0.1822104517602283
280,4,29386,29344,LUV,"(423,)","(190,)",0.1822104517602283
281,2,29420,29449,LUV,"(381,)","(49,)",0.060886029823797205
281,2,29449,29420,LUV,"(382,)","(49,)",0.05837734725376579
281,5,29449,29420,LUV,"(380,)","(49,)",0.06339507299869998
281,5,29485,29428,STL,"(205,)","(80,)",0.38336497971875494
281,6,29449,29420,LUV,"(378,)","(50,)",0.0691514306910255
281,8,29449,29420,LUV,"(377,)","(50,)",0.07166161893840986
281,10,29489,29424,LUV,"(44,)","(87,)",0.2179936876080822
281,11,29424,29489,STL,"(45,)","(88,)",0.22075978409681743
282,3,29560,29569,LUV,"(347,)","(444,)",0.026784146352681858
284,6,29739,29764,LUV,"(210,)","(353,)",0.5632284669190976
286,2,29954,29928,LUV,"(209,)","(278,)",0.6487924305230822
286,3,29928,29954,LUV,"(210,)","(277,)",0.6498314713158837
286,5,30030,30030,INF,"(275,)","(435,)",0.30080924284296845
286,10,29954,29928,LUV,"(210,)","(279,)",0.6485511161724583
288,1,30196,30236,WIN,"(158,)","(238,)",0.5892241632943465
289,3,30288,30264,LUV,"(145,)","(328,)",0.49136922801789334
289,14,30242,30331,INF,"(318,)","(19,)",0.19619827904963533
291,1,30517,30484,LUV,"(51,)","(159,)",0.3256483741522395
291,2,30484,30517,LUV,"(50,)","(158,)",0.32365704037514004
291,2,30517,30484,LUV,"(49,)","(157,)",0.3216799908514081
291,4,30470,30453,LUV,"(397,)","(62,)",0.03210493331445583
291,4,30484,30517,LUV,"(50,)","(155,)",0.32176473567874075
291,5,30454,30505,WAR,"(236,)","(116,)",0.4557828584424762
291,5,30517,30484,STL,"(52,)","(156,)",0.3251949202246077
291,5,30541,30467,WAR,"(288,)","(217,)",0.5588371627501555
291,6,30467,30541,INF,"(288,)","(218,)",0.5596553849692973
291,6,30484,30517,INF,"(52,)","(157,)",0.32584886436872784
292,1,30559,30646,LUV,"(374,)","(207,)",0.32310769982795784
292,2,30559,30646,LUV,"(374,)","(205,)",0.3211986992795237
292,2,30627,30639,WAR,"(218,)","(197,)",0.625221102775626
292,10,30586,30620,STL,"(202,)","(19,)",0.2761524091201592
292,10,30620,30586,INF,"(203,)","(20,)",0.27829477310067013
295,1,30896,30923,LUV,"(241,)","(293,)",0.6278613990112833
295,7,30936,30951,LUV,"(266,)","(156,)",0.5085041600378479
295,8,30901,30937,STL,"(449,)","(191,)",0.1322049300946476
295,14,30891,30887,INF,"(244,)","(145,)",0.5143814508989377
297,8,31095,31094,STL,"(124,)","(460,)",0.34587567110208056
297,12,31094,31094,INF,"(125,)","(461,)",0.34725568484942365
298,2,31284,31239,STL,"(72,)","(365,)",0.21587305348824892
298,3,31284,31239,WIN,"(70,)","(367,)",0.20817883178732455
299,1,31330,31342,LUV,"(302,)","(292,)",0.507678018179176
299,5,31296,31355,LUV,"(413,)","(65,)",-0.004384032293622466
299,6,31304,31306,LUV,"(456,)","(245,)",0.15276039640768888
299,7,31304,31306,LUV,"(455,)","(247,)",0.1539128573411387
299,7,31306,31304,LUV,"(454,)","(248,)",0.1552444449622933
299,14,31306,31304,LUV,"(455,)","(243,)",0.15454791289216283
299,15,31304,31306,LUV,"(455,)","(242,)",0.1546355160042412
299,15,31304,31304,INF,"(455,)","(243,)",0.15454791289216283
300,3,31472,31487,LUV,"(99,)","(247,)",0.4216406326574388
300,3,31487,31472,STL,"(100,)","(248,)",0.42397602148975
300,4,31472,31487,INF,"(101,)","(247,)",0.4278319410140613
301,1,31604,31529,INF,"(282,)","(398,)",0.3633940211832232
302,14,31685,31685,INF,"(45,)","(152,)",0.31323267114874265
303,1,31788,31808,WAR,"(190,)","(38,)",0.2944490345793169
303,3,31799,31722,WAR,"(111,)","(384,)",0.34314134203813884
303,4,31808,31808,INF,"(191,)","(32,)",0.2854886176482832
304,2,31872,31895,LUV,"(94,)","(487,)",0.26981656770146895
304,2,31895,31872,STL,"(94,)","(488,)",0.2696776632304778
304,3,31895,31872,ESC,"(94,)","(486,)",0.26995108858372024
304,6,31895,31872,ESC,"(96,)","(483,)",0.2746994262070052
305,1,31941,32011,WAR,"(278,)","(212,)",0.5757761268684405
305,1,31960,31996,WAR,"(485,)","(233,)",0.12292265338454933
305,1,31996,31960,INF,"(484,)","(234,)",0.12356579558053571
305,2,31922,31934,STL,"(39,)","(138,)",0.2947805033389028
305,3,31979,31923,STL,"(314,)","(357,)",0.3539450458441285
305,8,31923,31979,INF,"(313,)","(358,)",0.3548542689850667
306,1,32037,32097,WAR,"(215,)","(22,)",0.28843631952815224
306,1,32042,32036,STL,"(41,)","(124,)",0.28021266728946537
306,1,32087,32047,LUV,"(392,)","(329,)",0.1900896316630343
306,2,32037,32097,ESC,"(213,)","(21,)",0.286209052279051
306,2,32047,32087,LUV,"(393,)","(329,)",0.18756997269532397
306,2,32087,32047,LUV,"(394,)","(328,)",0.1871587664811616
306,3,32097,32037,INF,"(212,)","(19,)",0.2832001499841051
306,3,32118,32047,LUV,"(393,)","(326,)",0.1938372113318534
306,4,32047,32118,LUV,"(393,)","(327,)",0.19176286747921975
306,4,32087,32047,LUV,"(393,)","(328,)",0.18967369303828216
306,6,32047,32118,LUV,"(394,)","(327,)",0.18924798823480476
306,6,32118,32047,LUV,"(393,)","(326,)",0.1938372113318534
306,6,32118,32087,LUV,"(393,)","(326,)",0.1938372113318534
306,7,32047,32087,LUV,"(393,)","(326,)",0.1938372113318534
306,7,32047,32118,LUV,"(393,)","(326,)",0.1938372113318534
306,7,32087,32047,LUV,"(394,)","(325,)",0.19338165589288459
306,7,32087,32118,LUV,"(394,)","(325,)",0.19338165589288459
306,8,32047,32118,LUV,"(395,)","(328,)",0.1846479267894041
306,8,32118,32047,LUV,"(394,)","(327,)",0.18924798823480476
306,9,32047,32118,LUV,"(394,)","(327,)",0.18924798823480476
306,9,32118,32047,LUV,"(394,)","(327,)",0.18924798823480476
306,10,32087,32118,LUV,"(393,)","(326,)",0.1938372113318534
306,10,32118,32087,LUV,"(393,)","(326,)",0.1938372113318534
306,11,32087,32047,LUV,"(391,)","(328,)",0.194718111724222
306,12,32087,32047,LUV,"(390,)","(327,)",0.19933762246119574
306,13,32047,32087,LUV,"(390,)","(326,)",0.2014117254874381
306,13,32087,32047,WIN,"(390,)","(327,)",0.19933762246119574
308,16,32328,32281,INF,"(165,)","(109,)",0.4230196634079243
309,13,32350,32387,WAR,"(114,)","(222,)",0.47732050570581985
310,15,32523,32501,INF,"(16,)","(202,)",0.2687094056485635
311,4,32551,32610,STL,"(259,)","(24,)",0.2842598441044387
311,11,32642,32613,WAR,"(209,)","(443,)",0.4291812168793223
311,12,32613,32642,INF,"(208,)","(442,)",0.43216379565227636
312,3,32742,32731,STL,"(115,)","(354,)",0.3731097715117985
312,13,32685,32677,LUV,"(363,)","(294,)",0.32955695052482825
312,13,32692,32746,LUV,"(389,)","(227,)",0.2979311401621233
312,14,32677,32685,LUV,"(363,)","(295,)",0.32811458773993163
312,14,32685,32677,LUV,"(364,)","(295,)",0.3253539016694045
312,14,32692,32746,WAR,"(390,)","(228,)",0.29578401316606695
312,15,32677,32685,LUV,"(364,)","(296,)",0.3238873427621201
312,15,32685,32677,LUV,"(365,)","(296,)",0.32113516285116817
312,16,32677,32685,LUV,"(365,)","(297,)",0.3196446737644904
312,16,32685,32677,LUV,"(365,)","(296,)",0.32113516285116817
312,16,32746,32746,INF,"(392,)","(230,)",0.29141727930698874
312,17,32685,32685,INF,"(365,)","(297,)",0.3196446737644904
313,14,32825,32859,INF,"(482,)","(195,)",0.1017510138583629
314,9,32871,32949,WAR,"(181,)","(158,)",0.5450825337893009
314,9,32949,32871,INF,"(182,)","(159,)",0.5478828429094801
317,2,33233,33183,LUV,"(50,)","(442,)",0.14119121934183507
317,3,33183,33233,LUV,"(50,)","(442,)",0.14119121934183507
317,3,33233,33183,LUV,"(49,)","(443,)",0.13861735929014085
317,4,33183,33233,LUV,"(48,)","(443,)",0.13571717390434426
317,7,33217,33278,LUV,"(316,)","(311,)",0.44005887128446775
317,7,33278,33217,WAR,"(315,)","(311,)",0.4430099719126819
317,8,33217,33278,INF,"(316,)","(311,)",0.44005887128446775
317,14,33183,33229,INF,"(47,)","(444,)",0.13319954743470655
318,6,33376,33334,STL,"(82,)","(62,)",0.19745970077058544
319,1,33400,33436,LUV,"(231,)","(208,)",0.6342221109782877
319,1,33436,33400,LUV,"(231,)","(208,)",0.6342221109782877
319,1,33475,33461,LUV,"(179,)","(407,)",0.4826590812193307
319,2,33461,33475,LUV,"(179,)","(406,)",0.48367975864349394
319,2,33475,33461,LUV,"(180,)","(407,)",0.4835257316007921
319,6,33475,33461,LUV,"(181,)","(408,)",0.4832981863838074
320,3,33564,33533,WAR,"(470,)","(373,)",-0.06979908996952996
320,4,33533,33533,INF,"(472,)","(371,)",-0.06705957764655016
321,1,33605,33619,STL,"(470,)","(150,)",0.04155748641371726
321,1,33672,33611,STL,"(394,)","(311,)",0.22046778859422378
321,3,33621,33660,LUV,"(426,)","(71,)",-0.0275580634194385
321,3,33660,33621,LUV,"(425,)","(70,)",-0.02656252694403379
321,3,33665,33641,LUV,"(281,)","(170,)",0.5085351238239417
321,4,33621,33660,LUV,"(424,)","(71,)",-0.023143011060526165
321,5,33621,33660,LUV,"(426,)","(70,)",-0.028759384559541433
321,5,33660,33621,LUV,"(426,)","(70,)",-0.028759384559541433
322,1,33751,33720,LUV,"(55,)","(429,)",0.15314973931191223
322,5,33763,33739,LUV,"(452,)","(327,)",0.05967460107050557
323,2,33842,33897,LUV,"(470,)","(78,)",-0.08519172951939316
323,2,33897,33842,STL,"(471,)","(78,)",-0.08588813228981801
323,3,33842,33897,INF,"(470,)","(78,)",-0.08519172951939316
323,4,33872,33844,LUV,"(154,)","(479,)",0.3657736029214857
323,5,33844,33872,LUV,"(154,)","(480,)",0.3640510735184688
323,11,33849,33893,WIN,"(279,)","(140,)",0.4514265322299583
323,12,33873,33815,STL,"(86,)","(427,)",0.25104202921908525
323,13,33815,33873,INF,"(87,)","(427,)",0.2542339985933857
325,5,34091,34041,LUV,"(392,)","(11,)",0.020194580418072167
325,7,34049,34081,LUV,"(257,)","(56,)",0.3207712648541494
326,4,34138,34194,STL,"(51,)","(72,)",0.1901005062882522
326,5,34138,34194,WIN,"(49,)","(71,)",0.18636455479003738
326,6,34199,34144,LUV,"(445,)","(478,)",-0.31330612384677964
326,8,34144,34199,LUV,"(446,)","(478,)",-0.3145788222928972
326,9,34144,34199,LUV,"(448,)","(476,)",-0.31130000053042844
326,9,34164,34162,LUV,"(300,)","(292,)",0.5131169100721523
326,9,34199,34144,WAR,"(449,)","(475,)",-0.3096351583403996
328,1,34378,34395,STL,"(26,)","(402,)",0.06715097796954798
328,2,34378,34395,WIN,"(24,)","(400,)",0.061733833727999995
330,1,34585,34578,WAR,"(391,)","(238,)",0.2954846044278866
330,2,34578,34585,INF,"(390,)","(237,)",0.29791261444128214
330,4,34550,34547,LUV,"(34,)","(212,)",0.2873419948669288
330,6,34550,34547,LUV,"(34,)","(213,)",0.2863798689980459
330,10,34622,34576,LUV,"(295,)","(36,)",0.24786961275884178
331,3,34696,34724,WAR,"(8,)","(97,)",0.22125699962144302
332,1,34808,34833,LUV,"(396,)","(253,)",0.2808724932872828
332,1,34833,34808,LUV,"(397,)","(253,)",0.27836901797823393
332,3,34808,34833,LUV,"(397,)","(254,)",0.27800123534489946
332,3,34833,34808,LUV,"(396,)","(253,)",0.2808724932872828
332,4,34808,34833,LUV,"(397,)","(253,)",0.27836901797823393
332,4,34833,34808,LUV,"(397,)","(253,)",0.27836901797823393
332,6,34808,34833,LUV,"(398,)","(254,)",0.2754994179656879
332,6,34833,34808,LUV,"(399,)","(255,)",0.27260223659571897
332,7,34808,34833,LUV,"(399,)","(256,)",0.2721770689286913
332,9,34833,34808,LUV,"(397,)","(255,)",0.27760474272915164
332,10,34833,34808,LUV,"(396,)","(254,)",0.2805047245802565
332,11,34819,34817,WAR,"(102,)","(289,)",0.39056516712294315
332,11,34833,34808,LUV,"(395,)","(253,)",0.2833781407651174
333,3,34911,34868,LUV,"(186,)","(254,)",0.6378631688744698
333,4,34911,34868,LUV,"(188,)","(256,)",0.6400583383408227
333,5,34868,34911,LUV,"(187,)","(256,)",0.6387713138533503
333,8,34905,34880,WAR,"(271,)","(95,)",0.3695351900439135
333,9,34880,34905,INF,"(272,)","(94,)",0.36599375849027116
333,13,34942,34871,INF,"(378,)","(195,)",0.29986470769160434
334,2,35069,34976,INF,"(373,)","(140,)",0.22109931054901794
335,4,35158,35116,LUV,"(131,)","(234,)",0.5224645683238285
336,5,35276,35186,INF,"(469,)","(401,)",-0.13593824043253716
336,10,35255,35215,WIN,"(444,)","(64,)",-0.0706745270014292
337,2,35383,35378,INF,"(163,)","(411,)",0.45943107803277833
337,10,35372,35281,STL,"(143,)","(265,)",0.5428369220780643
337,11,35281,35372,INF,"(143,)","(264,)",0.5434553449581716
337,11,35297,35297,INF,"(293,)","(176,)",0.4935226991196806
337,13,35364,35376,INF,"(478,)","(164,)",0.060788091362023525
338,2,35420,35390,LUV,"(38,)","(178,)",0.3118697758241686
338,3,35390,35420,LUV,"(39,)","(179,)",0.3132173465911393
338,6,35405,35479,LUV,"(43,)","(20,)",0.05892867447554386
338,11,35389,35421,INF,"(182,)","(96,)",0.4080992029409759
339,3,35591,35538,INF,"(488,)","(61,)",-0.112686826156518
340,1,35603,35612,LUV,"(377,)","(416,)",0.018487151949800336
340,6,35612,35603,LUV,"(375,)","(418,)",0.01866037632649517
340,17,35652,35652,INF,"(461,)","(93,)",-0.054622225859513526
341,1,35785,35714,STL,"(88,)","(452,)",0.25606812586289673
341,13,35786,35786,INF,"(225,)","(193,)",0.618067012660207
342,10,35822,35861,STL,"(309,)","(231,)",0.5157144418941999
342,12,35827,35846,INF,"(198,)","(26,)",0.2825598299543109
342,16,35832,35894,INF,"(20,)","(345,)",0.06818357812691755
343,3,35912,35940,LUV,"(21,)","(345,)",0.07080511731306605
343,9,35911,35953,INF,"(62,)","(22,)",0.0781934379860735
343,9,35997,35990,LUV,"(253,)","(145,)",0.5040470564960128
343,10,35997,35990,STL,"(254,)","(144,)",0.5005696000596749
345,1,36219,36178,STL,"(229,)","(50,)",0.32833275207251267
345,2,36219,36178,ESC,"(229,)","(51,)",0.3298610183624307
345,4,36154,36153,STL,"(4,)","(59,)",0.14401476081927142
345,6,36216,36161,STL,"(61,)","(132,)",0.3128676692478837
345,7,36161,36216,INF,"(62,)","(132,)",0.31416996878002124
345,14,36159,36148,INF,"(301,)","(265,)",0.534366676366687
346,2,36330,36330,INF,"(159,)","(89,)",0.369367345276564
346,9,36270,36312,WAR,"(67,)","(88,)",0.24035817559229036
346,9,36312,36270,INF,"(67,)","(87,)",0.23817812027382076
346,11,36302,36275,INF,"(172,)","(412,)",0.47056910924691897
348,1,36489,36525,STL,"(197,)","(312,)",0.6097390814887514
348,1,36525,36489,INF,"(196,)","(311,)",0.609928665100392
348,3,36453,36471,WAR,"(70,)","(494,)",0.2191836855229249
348,9,36481,36532,LUV,"(419,)","(407,)",-0.06403106100003943
348,13,36466,36466,INF,"(51,)","(265,)",0.2582729284886048
349,4,36631,36547,STL,"(104,)","(313,)",0.3713882193893398
349,5,36547,36631,INF,"(105,)","(312,)",0.37599886179477093
349,6,36545,36634,LUV,"(428,)","(10,)",-0.066696842830413
349,7,36625,36604,WAR,"(158,)","(185,)",0.5578221555455165
349,10,36634,36545,LUV,"(429,)","(7,)",-0.06898087094902712
349,11,36545,36634,LUV,"(429,)","(7,)",-0.06898087094902712
349,11,36634,36545,LUV,"(430,)","(8,)",-0.07109067842198896
349,12,36545,36634,LUV,"(431,)","(8,)",-0.07321115087119572
349,12,36634,36545,LUV,"(431,)","(9,)",-0.07316940626032738
349,13,36545,36634,LUV,"(432,)","(9,)",-0.07526579970589345
349,13,36634,36545,LUV,"(432,)","(10,)",-0.07521560051367081
349,14,36545,36634,LUV,"(433,)","(10,)",-0.07728726386667743
349,14,36595,36598,INF,"(78,)","(443,)",0.2258421367980732
349,14,36634,36545,LUV,"(432,)","(10,)",-0.07521560051367081
349,15,36545,36634,WIN,"(433,)","(10,)",-0.07728726386667743
351,2,36833,36762,STL,"(370,)","(138,)",0.2249353607866089
352,14,36921,36902,ESC,"(481,)","(341,)",-0.0061979763802455234
352,15,36902,36921,INF,"(480,)","(341,)",-0.005399369886127603
353,10,37045,37045,INF,"(306,)","(161,)",0.43537325672361993
354,5,37073,37165,LUV,"(221,)","(348,)",0.5683387333020686
355,1,37268,37214,WAR,"(481,)","(26,)",-0.1365760999753092
355,2,37214,37268,INF,"(480,)","(27,)",-0.13574563997970465
355,9,37171,37182,STL,"(54,)","(319,)",0.19217397499581035
355,10,37182,37171,INF,"(54,)","(321,)",0.18987667262589192
356,4,37356,37331,STL,"(401,)","(253,)",0.2683665732824525
356,8,37334,37328,WAR,"(292,)","(366,)",0.401871275060578
357,15,37426,37459,INF,"(254,)","(398,)",0.4386106867826456
358,1,37573,37580,STL,"(344,)","(43,)",0.14862915006614869
358,4,37534,37487,STL,"(234,)","(320,)",0.6013666330032111
358,4,37540,37569,LUV,"(483,)","(13,)",-0.14128770730520943
358,5,37487,37534,INF,"(234,)","(319,)",0.6027466178120765
358,5,37580,37573,INF,"(344,)","(43,)",0.14862915006614869
359,4,37640,37602,LUV,"(29,)","(64,)",0.15993743709886382
359,5,37602,37640,LUV,"(28,)","(63,)",0.157304539345536
360,3,37776,37716,WAR,"(347,)","(260,)",0.40804937446418627
360,4,37716,37776,INF,"(346,)","(260,)",0.41088060310706154
361,3,37817,37803,LUV,"(206,)","(359,)",0.5544480289586695
361,7,37803,37817,LUV,"(208,)","(361,)",0.5518958619695272
361,8,37803,37817,LUV,"(206,)","(361,)",0.5516937632017264
361,10,37852,37894,ESC,"(429,)","(340,)",0.07649604253811793
361,11,37838,37816,INF,"(270,)","(271,)",0.602811772936476
363,1,38083,38102,WAR,"(67,)","(488,)",0.20948304164402218
363,10,38050,38087,WAR,"(290,)","(189,)",0.5213652215557394
365,2,38269,38253,WAR,"(429,)","(434,)",-0.15746117619844516
365,8,38255,38289,LUV,"(144,)","(62,)",0.287329815786965
366,2,38342,38405,STL,"(258,)","(434,)",0.35435046344668525
366,2,38405,38342,INF,"(257,)","(433,)",0.3595274977910554
366,6,38373,38336,STL,"(322,)","(476,)",-0.0021366348047276093
369,5,38737,38740,WAR,"(172,)","(323,)",0.561879504673454
370,1,38783,38777,LUV,"(194,)","(180,)",0.5937935927484588
370,1,38843,38797,LUV,"(66,)","(282,)",0.2783394973065484
370,2,38777,38783,LUV,"(193,)","(180,)",0.5931355058381532
370,2,38794,38796,STL,"(360,)","(377,)",0.1637571887034715
370,3,38777,38783,LUV,"(192,)","(179,)",0.5908659410599505
370,3,38810,38805,LUV,"(298,)","(166,)",0.46392389874985956
370,4,38777,38783,LUV,"(193,)","(179,)",0.591550426318494
370,5,38777,38783,LUV,"(195,)","(179,)",0.5928236156135006
370,5,38783,38777,LUV,"(194,)","(179,)",0.5922030382271961
370,12,38781,38778,WIN,"(405,)","(172,)",0.19867961016901223
371,2,38871,38950,STL,"(9,)","(428,)",0.02532192254802203
371,4,38950,38871,INF,"(9,)","(430,)",0.0259027335734558
371,7,38854,38893,LUV,"(360,)","(306,)",0.3191540016733687
371,8,38854,38893,STL,"(362,)","(306,)",0.31355816365551953
373,7,39073,39082,STL,"(448,)","(249,)",0.1649631179116159
374,3,39248,39209,STL,"(173,)","(226,)",0.6157603514526719
374,6,39217,39170,LUV,"(122,)","(131,)",0.409107421670054
374,8,39224,39183,LUV,"(417,)","(387,)",-0.009314219969056563
374,9,39183,39224,LUV,"(416,)","(386,)",-0.004432847721737965
374,9,39224,39183,LUV,"(416,)","(386,)",-0.004432847721737965
374,10,39183,39224,LUV,"(415,)","(385,)",0.0004610143186987922
374,10,39224,39183,LUV,"(415,)","(385,)",0.0004610143186987922
375,9,39351,39352,LUV,"(130,)","(146,)",0.45047503136035566
375,10,39351,39352,LUV,"(131,)","(145,)",0.45049267720768765
375,11,39351,39352,LUV,"(132,)","(144,)",0.4504661770330367
375,12,39351,39352,LUV,"(133,)","(143,)",0.45039585980232427
375,12,39352,39351,LUV,"(134,)","(143,)",0.4521120108764962
375,13,39351,39352,ESC,"(133,)","(143,)",0.45039585980232427
376,2,39446,39379,WAR,"(491,)","(289,)",0.08226004896703284
376,4,39379,39379,INF,"(493,)","(288,)",0.08265277777488561
377,6,39580,39485,LUV,"(63,)","(75,)",0.20721268836437817
377,7,39485,39580,LUV,"(64,)","(75,)",0.20818246150820946
377,7,39580,39485,LUV,"(64,)","(76,)",0.21047529922414243
377,8,39485,39580,LUV,"(65,)","(76,)",0.2114645813755592
378,2,39668,39663,LUV,"(114,)","(253,)",0.464025902101311
378,3,39668,39663,WAR,"(114,)","(251,)",0.4653836194916101
378,4,39641,39642,STL,"(405,)","(199,)",0.23641377930366622
378,4,39642,39641,INF,"(405,)","(199,)",0.23641377930366622
378,8,39665,39617,LUV,"(434,)","(285,)",0.16488238376623793
378,9,39620,39621,INF,"(93,)","(202,)",0.42234332328351093
378,9,39665,39617,LUV,"(435,)","(284,)",0.16400191511451254
379,1,39795,39723,INF,"(271,)","(76,)",0.3345473203093656
380,1,39853,39816,LUV,"(433,)","(418,)",-0.12296107546271487
380,2,39816,39853,LUV,"(432,)","(417,)",-0.11832009979004869
380,3,39816,39853,LUV,"(433,)","(418,)",-0.12296107546271487
380,3,39853,39816,LUV,"(434,)","(417,)",-0.1224157485736848
380,5,39807,39820,LUV,"(191,)","(392,)",0.5072819464853993
380,5,39820,39807,LUV,"(190,)","(393,)",0.5056052775795017
380,5,39867,39814,LUV,"(321,)","(189,)",0.4445480696609726
380,6,39807,39820,LUV,"(190,)","(393,)",0.5056052775795017
380,6,39814,39867,LUV,"(321,)","(188,)",0.4431129320075984
380,6,39816,39853,LUV,"(433,)","(418,)",-0.12296107546271487
380,7,39814,39867,LUV,"(320,)","(190,)",0.44860970554203117
380,7,39816,39853,LUV,"(434,)","(417,)",-0.1224157485736848
380,8,39814,39867,LUV,"(319,)","(189,)",0.4498303642058307
380,9,39839,39873,STL,"(49,)","(111,)",0.2675286985423751
381,4,39934,39907,STL,"(227,)","(298,)",0.6323989231285189
382,2,40098,40078,STL,"(71,)","(373,)",0.20948715357301606
382,3,40078,40098,INF,"(71,)","(374,)",0.2091813667877973
383,2,40113,40207,STL,"(163,)","(18,)",0.2264123619689543
383,2,40120,40171,WAR,"(148,)","(384,)",0.4503576706339748
383,2,40171,40120,INF,"(147,)","(385,)",0.44725545397956684
383,5,40158,40193,WAR,"(128,)","(84,)",0.31533140426366546
383,5,40193,40158,INF,"(127,)","(84,)",0.31384435628745244
383,7,40172,40181,LUV,"(16,)","(450,)",0.0532068003056875
383,7,40181,40172,LUV,"(17,)","(450,)",0.05570981238582767
383,8,40181,40172,LUV,"(18,)","(451,)",0.05889120156924604
383,10,40181,40172,LUV,"(18,)","(451,)",0.05889120156924604
383,11,40172,40181,LUV,"(18,)","(452,)",0.059580124727529014
383,12,40172,40181,LUV,"(19,)","(451,)",0.06140726524726637
384,1,40271,40309,STL,"(40,)","(76,)",0.19191938808641762
384,6,40303,40234,LUV,"(435,)","(340,)",0.06363703010267582
384,7,40303,40234,LUV,"(433,)","(338,)",0.0723077296463479
384,8,40234,40303,LUV,"(433,)","(337,)",0.07452371058112545
384,8,40303,40234,LUV,"(432,)","(337,)",0.07665887254579686
384,9,40234,40303,LUV,"(432,)","(336,)",0.07886353638252075
